,R2,Pearson_r,RMSE,MAE,n_imputed,n_scored,missingness_prop
missforest,0.4640872884443531,0.6386380176341862,0.17017362438315464,0.1140768604714787,90.04040404040404,90.04040404040404,0.1
mice,0.553904362526546,0.6369255638106497,0.17391546240059594,0.1161916574640128,90.04040404040404,90.04040404040404,0.1
factorization,0.4776770750223283,0.6169383802206128,0.18366240261256653,0.08958835504705373,90.04040404040404,90.04040404040404,0.1
sudoku,0.48197592862747757,0.6314000925286506,0.18460579109995298,0.11972960841381032,90.04040404040404,90.04040404040404,0.1
knn,0.40351948636468865,0.5847948505169034,0.19085967402189197,0.11998460054548354,90.04040404040404,90.04040404040404,0.1
softimpute,0.3009516873999695,0.4890853808108429,0.219798057360622,0.11641552777818692,90.04040404040404,90.04040404040404,0.1
mean,-0.011304217715771704,,0.2593946208563373,0.18787545896738334,90.04040404040404,90.04040404040404,0.1
median,-0.1712710671685229,,0.2749864836305178,0.13964446088845575,90.04040404040404,90.04040404040404,0.1
