,R2,Pearson_r,RMSE,MAE,n_imputed,n_scored,missingness_prop
mean,0.0011012596223073554,,0.09668132783469832,0.06620641370769535,1.1959896813255548,1.1959896813255548,0.2
mice,0.041936107096727605,0.04108130004157795,0.09728748884313959,0.06659110131800475,1.1959896813255548,1.1959896813255548,0.2
softimpute,0.028627833930151617,0.036339957372194955,0.101455374796061,0.0410546791451945,1.1959896813255548,1.1959896813255548,0.2
median,0.014491052204222086,,0.10325537676067832,0.03840886179447122,1.1959896813255548,1.1959896813255548,0.2
factorization,0.047623685939925504,0.04084045904206101,0.10360543364221492,0.03880873408783052,1.1959896813255548,1.1959896813255548,0.2
sudoku,0.05153245646706571,0.04213038328996669,0.10703056063406556,0.0704790537830763,1.1959896813255548,1.1959896813255548,0.2
missforest,0.1026904253380883,0.04232529860054685,0.10705367592389745,0.07496771248296624,1.1959896813255548,1.1959896813255548,0.2
knn,0.060482771710860604,0.040631940766233644,0.10813057029818257,0.0713642544297484,1.1959896813255548,1.1959896813255548,0.2
