,R2,Pearson_r,RMSE,MAE,n_imputed,n_scored,missingness_prop
mice,0.5034850704911619,0.6052923952486399,0.1813062628691444,0.12406131034873506,179.67676767676767,179.67676767676767,0.2
missforest,0.41417441824572804,0.6228111811923694,0.18621371923982086,0.12233594020367551,179.67676767676767,179.67676767676767,0.2
factorization,0.4730323537841649,0.6072762867300359,0.18906546476374733,0.09701358647218543,179.67676767676767,179.67676767676767,0.2
sudoku,0.4703675554744738,0.6174407350201278,0.1898305822417607,0.12141416338733206,179.67676767676767,179.67676767676767,0.2
knn,0.38428682234150124,0.5802159939749204,0.20377683009988246,0.12921578667323516,179.67676767676767,179.67676767676767,0.2
softimpute,0.28172085169106786,0.4793984434029009,0.22573257109792338,0.12494560225899283,179.67676767676767,179.67676767676767,0.2
mean,-0.007320672799077617,,0.25890069916066194,0.1900881018864578,179.67676767676767,179.67676767676767,0.2
median,-0.1722604525148703,,0.2779942792262445,0.14674552877461233,179.67676767676767,179.67676767676767,0.2
