,R2,Pearson_r,RMSE,MAE,n_imputed,n_scored,missingness_prop
mean,0.0005205000464967315,,0.1072482866775384,0.07228604380978344,1.6420348318227243,1.6420348318227243,0.5
softimpute,0.029602665492372438,0.03391118750226796,0.1161212996832354,0.049835030167540255,1.6420348318227243,1.6420348318227243,0.5
median,0.014023028932136632,,0.11753927597680727,0.04811452023598941,1.6420348318227243,1.6420348318227243,0.5
factorization,0.03978709762615739,0.03817288005958835,0.11794661524757505,0.04819493005214755,1.6420348318227243,1.6420348318227243,0.5
sudoku,0.042804241795223824,0.03755581587929065,0.12175981446012005,0.0817160020580452,1.6420348318227243,1.6420348318227243,0.5
knn,0.043016614499799564,0.037302612970360034,0.1232394264197999,0.07701893187113652,1.6420348318227243,1.6420348318227243,0.5
mice,0.043744907673314716,0.039409046568541,0.12490970845166287,0.08647462171042783,1.6420348318227243,1.6420348318227243,0.5
missforest,0.05532801764055729,0.04024889741397255,0.14864828223955764,0.09615110585328748,1.6420348318227243,1.6420348318227243,0.5
