,R2,Pearson_r,RMSE,MAE,n_imputed,n_scored,missingness_prop
factorization,0.38675706176929064,0.5518496108314542,0.22469032949174694,0.11979549986273302,449.1313131313131,449.1313131313131,0.5
mice,0.3848651975948919,0.5478229266890207,0.2284395079703056,0.1576141236818541,449.1313131313131,449.1313131313131,0.5
knn,0.3433771606775109,0.5311836916200492,0.2320169320451167,0.1419808705304977,449.1313131313131,449.1313131313131,0.5
sudoku,0.3307145848210917,0.5248578955113049,0.23347855607312926,0.15106511285114396,449.1313131313131,449.1313131313131,0.5
missforest,0.372876178227207,0.5810196841426812,0.24567705991308803,0.15296144097636039,449.1313131313131,449.1313131313131,0.5
softimpute,0.18983476496221818,0.4375650803619287,0.2533552697359272,0.1422716759807279,449.1313131313131,449.1313131313131,0.5
mean,-0.004157119342267743,,0.270336905048493,0.19599676752028738,449.1313131313131,449.1313131313131,0.5
median,-0.17187750360919682,,0.2930603486926535,0.15651769085552417,449.1313131313131,449.1313131313131,0.5
