,R2,Pearson_r,RMSE,MAE,n_imputed,n_scored,missingness_prop
missforest,0.0873146982307567,0.04367484700393174,0.09778324159265316,0.06922130532000052,0.8396383855044577,0.8396383855044577,0.1
knn,0.05291296300027661,0.041364673293082334,0.09779666471037658,0.06298988796813242,0.8396383855044577,0.8396383855044577,0.1
mean,0.0018017733307378035,,0.09836721384721123,0.0642945780108552,0.8396383855044577,0.8396383855044577,0.1
mice,0.04206879392073681,0.04142779416585292,0.0990051748009777,0.06478344731659264,0.8396383855044577,0.8396383855044577,0.1
softimpute,0.03174666229767387,0.03812799869889054,0.10037883181328586,0.03595286790492232,0.8396383855044577,0.8396383855044577,0.1
median,0.014996858573666,,0.10206247098277985,0.03264127382504226,0.8396383855044577,0.8396383855044577,0.1
factorization,0.05035714542534539,0.04185991640231726,0.10239116948440584,0.033235922583835224,0.8396383855044577,0.8396383855044577,0.1
sudoku,0.054288146946446736,0.042428576656592984,0.10713897305961272,0.07108727845106932,0.8396383855044577,0.8396383855044577,0.1
