,R2,Pearson_r,RMSE,MAE,n_imputed,n_scored,missingness_prop
mice,0.4425058225827678,0.5725250073834014,0.20059205240949404,0.13672208278423387,359.44444444444446,359.44444444444446,0.4
factorization,0.44289940771055697,0.5807869370292991,0.21057415257944928,0.10968962283313309,359.44444444444446,359.44444444444446,0.4
sudoku,0.4179806731212736,0.5813848526134123,0.21847046133568937,0.1408159469108669,359.44444444444446,359.44444444444446,0.4
knn,0.38521053402507827,0.5622716068288045,0.21966216121857896,0.13736016997620387,359.44444444444446,359.44444444444446,0.4
missforest,0.4256618324477777,0.5986067956091947,0.22283648912000675,0.1450348653264716,359.44444444444446,359.44444444444446,0.4
softimpute,0.22789890055431772,0.452942137281647,0.24448890689601752,0.13569664946272106,359.44444444444446,359.44444444444446,0.4
mean,-0.0050537823055215965,,0.267742793992927,0.19513179363384447,359.44444444444446,359.44444444444446,0.4
median,-0.17108533591069414,,0.2889035568521877,0.1527767185708299,359.44444444444446,359.44444444444446,0.4
