,R2,Pearson_r,RMSE,MAE,n_imputed,n_scored,missingness_prop
mean,0.000777005629324936,,0.10500351755236059,0.07139254307209138,1.5931997200003385,1.5931997200003385,0.4
mice,0.04356094702236529,0.040850446595861685,0.10553259960857983,0.07172764597591944,1.5931997200003385,1.5931997200003385,0.4
softimpute,0.028380525653664307,0.03505232909089278,0.1123084894284982,0.046676940522457466,1.5931997200003385,1.5931997200003385,0.4
median,0.014143057302982586,,0.11385811958261732,0.044500244770712086,1.5931997200003385,1.5931997200003385,0.4
factorization,0.04214918592394148,0.03966591165046305,0.11429924396763917,0.04470361320115812,1.5931997200003385,1.5931997200003385,0.4
knn,0.04382571288405606,0.03802722512667058,0.11707810377973907,0.07584584486590677,1.5931997200003385,1.5931997200003385,0.4
sudoku,0.04848882649656193,0.040727833677599225,0.12310781603158527,0.08215258807977042,1.5931997200003385,1.5931997200003385,0.4
missforest,0.05296440268137646,0.041272963656669506,0.1327839720689809,0.09215836326797108,1.5931997200003385,1.5931997200003385,0.4
