,R2,Pearson_r,RMSE,MAE,n_imputed,n_scored,missingness_prop
mean,0.0008900421519040463,,0.10135513605878456,0.07035538433888913,1.4006282235603706,1.4006282235603706,0.3
mice,0.041395420467286545,0.040265848481760985,0.10192369585502944,0.07072287503167693,1.4006282235603706,1.4006282235603706,0.3
softimpute,0.02819408960455332,0.03590623057129158,0.10759588915945537,0.044446576963331236,1.4006282235603706,1.4006282235603706,0.3
median,0.013753400151612924,,0.10927862276326075,0.04190868533132813,1.4006282235603706,1.4006282235603706,0.3
factorization,0.04354600465177267,0.04010669298029656,0.10969402476001691,0.04222799027632314,1.4006282235603706,1.4006282235603706,0.3
sudoku,0.049816798820345023,0.04107801145169805,0.11044969811239208,0.0743951923037444,1.4006282235603706,1.4006282235603706,0.3
missforest,0.056125759543425566,0.041480518005601666,0.11402303922540856,0.08138816290128517,1.4006282235603706,1.4006282235603706,0.3
knn,0.04768618920290458,0.039788489233331156,0.11960659007168276,0.07723147611959202,1.4006282235603706,1.4006282235603706,0.3
