,R2,Pearson_r,RMSE,MAE,n_imputed,n_scored,missingness_prop
mice,0.4804973306881879,0.5942209040088077,0.19131571400365965,0.13135896304924902,269.8989898989899,269.8989898989899,0.3
missforest,0.4566947897968046,0.6114508907935923,0.19888992389576166,0.13165846610103124,269.8989898989899,269.8989898989899,0.3
factorization,0.46832714837422,0.5971308986356136,0.20008438026110958,0.10305016574572824,269.8989898989899,269.8989898989899,0.3
sudoku,0.4385739170552293,0.5977543699174678,0.20059914630983114,0.12949846903957057,269.8989898989899,269.8989898989899,0.3
knn,0.38624783373579535,0.5634109888458009,0.21965008237913647,0.13739826182094717,269.8989898989899,269.8989898989899,0.3
softimpute,0.2538086128078125,0.46033321657270354,0.23623772287752537,0.13090205296341637,269.8989898989899,269.8989898989899,0.3
mean,-0.005539809907035167,,0.26409664879255484,0.19416227557599094,269.8989898989899,269.8989898989899,0.3
median,-0.17105302422071098,,0.28440950679910765,0.1501070159787805,269.8989898989899,269.8989898989899,0.3
