,R2,Pearson_r,RMSE,MAE,n_imputed,n_scored,missingness_prop
factorization,71.83992004339487,0.25995513159023076,0.0965178373892325,0.09698689948523366,673.1436407715007,673.1436407715007,0.4
knn,10.26304645714967,0.35139875300890433,0.10673182785584145,0.10784935167845436,673.1436407715007,673.1436407715007,0.4
softimpute,28.30007585610774,0.26722798437635803,0.1078910178728353,0.10847270789189942,673.1436407715007,673.1436407715007,0.4
missforest,11.5615979402925,0.34305570623091997,0.11107958341273164,0.11188579335704314,673.1436407715007,673.1436407715007,0.4
sudoku,7.614761622287878,0.35849178106481855,0.11162262958466457,0.11246834699183449,673.1436407715007,673.1436407715007,0.4
mean,7.6947548620018305,,0.11224162713407047,0.11312099664421281,673.1436407715007,673.1436407715007,0.4
median,7.706973472957253,,0.11225121717092577,0.11313655650767983,673.1436407715007,673.1436407715007,0.4
mice,23.856063230907782,0.4201093660195798,0.13984561973509832,0.14545358190789404,673.1436407715007,673.1436407715007,0.4
