,R2,Pearson_r,RMSE,MAE,n_imputed,n_scored,missingness_prop
sudoku,-9.336087823623735,0.4603814142097541,0.673219170819265,0.6683257191766981,250.83333333333334,250.83333333333334,0.1
mean,-9.499863896051197,,0.6750461036262266,0.6704130548168594,250.83333333333334,250.83333333333334,0.1
median,-9.517581675802072,,0.6752826376149613,0.670638847938276,250.83333333333334,250.83333333333334,0.1
missforest,-13.924590118215258,0.502474820951838,0.6866779841834068,0.6818612846210547,250.83333333333334,250.83333333333334,0.1
knn,-13.804668328948955,0.3150756521220315,0.6946836540862451,0.6898993606985693,250.83333333333334,250.83333333333334,0.1
softimpute,-32.51078996391645,0.7934855182647469,0.7495344561566588,0.7465765390172473,250.83333333333334,250.83333333333334,0.1
factorization,-31.132726037069418,0.5831701187263836,0.7495880286398311,0.7475558551868081,250.83333333333334,250.83333333333334,0.1
mice,-25.91936806562832,0.18250014819347926,0.8046944960250175,0.7721978921240705,250.83333333333334,250.83333333333334,0.1
