,R2,Pearson_r,RMSE,MAE,n_imputed,n_scored,missingness_prop
sudoku,-9.335819992240442,0.462097748217204,0.6733669234598696,0.6685452000780554,1249.5,1249.5,0.5
mean,-9.499787098586912,,0.6749476828171814,0.6704031293307063,1249.5,1249.5,0.5
median,-9.517188013935348,,0.6751830073860084,0.6706281372439683,1249.5,1249.5,0.5
missforest,-13.05877540495497,0.5892938247953122,0.6858767336886521,0.6815252035666596,1249.5,1249.5,0.5
knn,-13.977168527581105,0.25292681427699326,0.6950234103529193,0.6902263626194446,1249.5,1249.5,0.5
softimpute,-34.24737034333335,0.6184030906288648,0.7510002475978831,0.7479369401967926,1249.5,1249.5,0.5
factorization,-206.61572580614975,0.6493973192453341,0.7703697346479386,0.7679595874159816,1249.5,1249.5,0.5
mice,-26.459947599283737,0.21476577734091284,0.806361880532215,0.7708149622602173,1249.5,1249.5,0.5
