,R2,Pearson_r,RMSE,MAE,n_imputed,n_scored,missingness_prop
factorization,38.33437969099531,0.28029587813587403,0.10063404084068187,0.10100992991917643,504.8184166988997,504.8184166988997,0.3
knn,10.268891284991783,0.3515070714713846,0.10678444566933487,0.1078673987160528,504.8184166988997,504.8184166988997,0.3
softimpute,28.336086052628463,0.27691616296553034,0.10803474961114083,0.10869923113416453,504.8184166988997,504.8184166988997,0.3
missforest,11.542290548309182,0.34210876585318334,0.11092058952880074,0.11175376134458317,504.8184166988997,504.8184166988997,0.3
sudoku,7.584297122771654,0.3590532838046744,0.11162275713232594,0.11250863652539621,504.8184166988997,504.8184166988997,0.3
mean,7.694752103029614,,0.11220284186635698,0.11311885461173843,504.8184166988997,504.8184166988997,0.3
median,7.706908257526778,,0.11221165067411908,0.11313410627981366,504.8184166988997,504.8184166988997,0.3
mice,23.692556984249926,0.42211433425792755,0.14014639207127663,0.14540739541520412,504.8184166988997,504.8184166988997,0.3
