,R2,Pearson_r,RMSE,MAE,n_imputed,n_scored,missingness_prop
sudoku,-9.329751189700136,0.45718026327242267,0.6731550609440365,0.6682534974589784,750.1666666666666,750.1666666666666,0.3
mean,-9.499810331572053,,0.6750647460953001,0.6704094067145151,750.1666666666666,750.1666666666666,0.3
median,-9.517125568540923,,0.675300183492134,0.670634305207591,750.1666666666666,750.1666666666666,0.3
missforest,-13.370709309351964,0.5660626107282691,0.6863147274412191,0.6819005775945802,750.1666666666666,750.1666666666666,0.3
knn,-13.716616271898738,0.2675033563816998,0.6945736447913436,0.6899393580899682,750.1666666666666,750.1666666666666,0.3
softimpute,-33.09140778369933,0.5988768220059353,0.7503584751935093,0.7470638625031936,750.1666666666666,750.1666666666666,0.3
factorization,-67.24556803486136,0.6385826459318007,0.7566765544719621,0.7546849191017001,750.1666666666666,750.1666666666666,0.3
mice,-25.802226933215994,0.22556025730555934,0.8076090620313908,0.7757993935530729,750.1666666666666,750.1666666666666,0.3
