,R2,Pearson_r,RMSE,MAE,n_imputed,n_scored,missingness_prop
factorization,32.51317782091761,0.14896427951570876,0.10474180666993757,0.10498211532086427,336.4932008858786,336.4932008858786,0.2
knn,10.259323725830422,0.3500034273269201,0.10653801626215853,0.10783077421073158,336.4932008858786,336.4932008858786,0.2
softimpute,28.359227296520675,0.11070048757865235,0.10844737138885412,0.10887827266506232,336.4932008858786,336.4932008858786,0.2
missforest,12.08809919609903,0.3442082616478686,0.11091352246350882,0.11174412984997621,336.4932008858786,336.4932008858786,0.2
sudoku,7.591238417301046,0.35951953168535794,0.11171538076322993,0.11251076038849574,336.4932008858786,336.4932008858786,0.2
mean,7.6947529614496295,,0.11228730042551277,0.11312247918627268,336.4932008858786,336.4932008858786,0.2
median,7.706882275931361,,0.11229597019342029,0.11313770459654696,336.4932008858786,336.4932008858786,0.2
mice,23.76863461519792,0.42560697547562865,0.1389118094385341,0.14422906168107463,336.4932008858786,336.4932008858786,0.2
