,R2,Pearson_r,RMSE,MAE,n_imputed,n_scored,missingness_prop
sudoku,-9.36899932425919,0.46301336311508645,0.673526593592599,0.6687389862284342,999.8333333333334,999.8333333333334,0.4
mean,-9.49978574904823,,0.6749930221878703,0.6704054155499954,999.8333333333334,999.8333333333334,0.4
median,-9.516543534526804,,0.6752270373870658,0.6706297409123089,999.8333333333334,999.8333333333334,0.4
missforest,-13.356855257300603,0.5885186690130475,0.686705460111919,0.6822106497774177,999.8333333333334,999.8333333333334,0.4
knn,-13.825966136702954,0.25800809437018957,0.6946629292898612,0.6899714354823304,999.8333333333334,999.8333333333334,0.4
softimpute,-33.534158010076254,0.6087131514865426,0.7505907538504957,0.7474333128434935,999.8333333333334,999.8333333333334,0.4
factorization,-119.65313633074418,0.6227942532037914,0.7630500093885231,0.7607370658340491,999.8333333333334,999.8333333333334,0.4
mice,-25.953328520556457,0.21889582472100236,0.8071398316374796,0.7733921323317939,999.8333333333334,999.8333333333334,0.4
