,R2,Pearson_r,RMSE,MAE,n_imputed,n_scored,missingness_prop
factorization,130.32664082079464,0.2574126539551098,0.09215936877266702,0.09268470834020374,841.4688681470077,841.4688681470077,0.5
knn,10.245064694134724,0.35258727282283886,0.10666746695719796,0.10784367506340106,841.4688681470077,841.4688681470077,0.5
softimpute,28.24874575292886,0.2575183138028514,0.10763816587815632,0.10816408579446128,841.4688681470077,841.4688681470077,0.5
missforest,11.271784876157168,0.3372376178081636,0.11119393343025466,0.11197517657635653,841.4688681470077,841.4688681470077,0.5
sudoku,7.581597932817202,0.3570902373062349,0.11166613611734351,0.11250136150584802,841.4688681470077,841.4688681470077,0.5
mean,7.694754710537818,,0.11226616170833632,0.11312222356857994,841.4688681470077,841.4688681470077,0.5
median,7.7069012427315,,0.11227504627532303,0.11313741740749217,841.4688681470077,841.4688681470077,0.5
mice,24.419776845736568,0.4161341568016428,0.13960346151588596,0.14557897986725782,841.4688681470077,841.4688681470077,0.5
