,R2,Pearson_r,RMSE,MAE,n_imputed,n_scored,missingness_prop
knn,10.294658259379139,0.350188705929862,0.10669173121859998,0.10787187727036278,168.16801813434185,168.16801813434185,0.1
factorization,24.69195421116986,0.20934957541507535,0.10839485597819679,0.10875099119397381,168.16801813434185,168.16801813434185,0.1
softimpute,28.388316590468783,0.09966622406012396,0.10854279403428983,0.10899817545881077,168.16801813434185,168.16801813434185,0.1
missforest,12.126621693977308,0.34644373455922634,0.11090311767789755,0.11185760959623818,168.16801813434185,168.16801813434185,0.1
sudoku,7.592545615205398,0.3604940363880606,0.11163427390414656,0.1125094688172425,168.16801813434185,168.16801813434185,0.1
mean,7.694746091444119,,0.11221289859589896,0.11311689760088535,168.16801813434185,168.16801813434185,0.1
median,7.706857149452164,,0.11222111509515569,0.11313166867527322,168.16801813434185,168.16801813434185,0.1
mice,23.85392583589298,0.42185184884302607,0.13905248109308427,0.14433405325021822,168.16801813434185,168.16801813434185,0.1
