,R2,Pearson_r,RMSE,MAE,n_imputed,n_scored,missingness_prop
sudoku,-9.328436371675549,0.48436437504026963,0.6731383343170676,0.6683995636435546,500.5,500.5,0.2
mean,-9.499802683143958,,0.67490862900044,0.6704026516424056,500.5,500.5,0.2
median,-9.517357060472737,,0.675144359730221,0.6706276008162111,500.5,500.5,0.2
missforest,-13.903748046618437,0.5444597220937372,0.6874522588575934,0.682859832427341,500.5,500.5,0.2
knn,-14.214738869066364,0.2802784549604873,0.6949902996640022,0.6900100588268855,500.5,500.5,0.2
softimpute,-32.82553945347798,0.780503236920925,0.7496888117348791,0.7467719399534065,500.5,500.5,0.2
factorization,-53.22797997497174,0.7090222646007444,0.7519659002831051,0.750531299093975,500.5,500.5,0.2
mice,-25.86473250033512,0.1894413754112544,0.8048650982476998,0.7717071646090123,500.5,500.5,0.2
