,R2,Pearson_r,RMSE,MAE,n_imputed,n_scored,missingness_prop
missforest,-15.183764341654662,0.19191854731688407,1.1622920376963621,1.126629360338087,101.44444444444444,101.44444444444444,0.3
sudoku,-17.531995265817784,0.16592347147325465,1.1746678617177615,1.138255253719504,101.44444444444444,101.44444444444444,0.3
mice,-18.186346509101845,0.2348624397506734,1.1804304913767358,1.1468343143467268,101.44444444444444,101.44444444444444,0.3
knn,-22.4601294421992,0.10157101820320337,1.2372664685988406,1.1971274364608802,101.44444444444444,101.44444444444444,0.3
factorization,-20.344914688121733,0.12253943496816798,1.2555478040436174,1.222469024681278,101.44444444444444,101.44444444444444,0.3
mean,-38.308629304526406,,1.330639723756034,1.3014921281183536,101.44444444444444,101.44444444444444,0.3
softimpute,-32.71983655171307,0.026014455094242345,1.3437094043711366,1.3141211841537777,101.44444444444444,101.44444444444444,0.3
median,-43.820644673664866,,1.4065112533798574,1.3782902397898418,101.44444444444444,101.44444444444444,0.3
