,R2,Pearson_r,RMSE,MAE,n_imputed,n_scored,missingness_prop
sudoku,6.819678074845784,0.05196505618471034,0.7742780314029561,0.7697252647682575,7.491844620677642,7.491844620677642,0.2
missforest,7.310215887391309,0.05155906511729321,0.7875452958366115,0.7824131098350415,7.491844620677642,7.491844620677642,0.2
knn,9.430871468623042,0.04444161224037537,0.8058857928327501,0.8008919548564275,7.491844620677642,7.491844620677642,0.2
mean,10.908405380266357,,0.8068967075227308,0.8019888711246966,7.491844620677642,7.491844620677642,0.2
mice,8.48865227950502,0.05365317845282662,0.8084152381796466,0.8034803857387803,7.491844620677642,7.491844620677642,0.2
softimpute,10.179691317980724,0.04682156597780064,0.8482806809368325,0.8436082399929427,7.491844620677642,7.491844620677642,0.2
median,11.970854889305343,,0.8498694113436295,0.8452177292970693,7.491844620677642,7.491844620677642,0.2
factorization,8.620295714821292,0.0488104766270135,0.8504625601984428,0.8458237126499429,7.491844620677642,7.491844620677642,0.2
