,R2,Pearson_r,RMSE,MAE,n_imputed,n_scored,missingness_prop
sudoku,8.01617469244925,0.047393235899485284,0.780950623937052,0.7737532261644866,15.372681429903778,15.372681429903778,0.5
missforest,5.775691208901025,0.04681651413959491,0.7966149639210942,0.7911664008765565,15.372681429903778,15.372681429903778,0.5
knn,9.48191975802926,0.03964827476416477,0.8048482486686779,0.7988935081802404,15.372681429903778,15.372681429903778,0.5
mean,10.893712591643702,,0.8067057400341651,0.8017850357470395,15.372681429903778,15.372681429903778,0.5
mice,8.633274789086483,0.05241363972224443,0.8081868949429576,0.8032902964048559,15.372681429903778,15.372681429903778,0.5
softimpute,10.263096135408984,0.041477412236589004,0.848206100779655,0.8435230260519079,15.372681429903778,15.372681429903778,0.5
median,11.951409485277791,,0.8496515833197368,0.8449868429554326,15.372681429903778,15.372681429903778,0.5
factorization,8.271194297861415,0.04674393928203345,0.8503022057064008,0.8456809798230148,15.372681429903778,15.372681429903778,0.5
