,R2,Pearson_r,RMSE,MAE,n_imputed,n_scored,missingness_prop
missforest,-14.343368400635665,0.3294463567532343,1.1187179860424858,1.0867019205771895,51.121212121212125,51.121212121212125,0.1
sudoku,-15.895597097169755,0.2721056329534069,1.124032927447062,1.08823444711142,51.121212121212125,51.121212121212125,0.1
mice,-16.070294597971365,0.3756150572168242,1.1427941108731616,1.109705941278549,51.121212121212125,51.121212121212125,0.1
factorization,-17.795588499866337,0.33299467124176624,1.1990558823327933,1.1666418180142686,51.121212121212125,51.121212121212125,0.1
knn,-21.450677025454937,0.18440047960186848,1.2089786301093353,1.1670528141691465,51.121212121212125,51.121212121212125,0.1
softimpute,-30.62736025301263,0.07216997990403065,1.307427215089579,1.2762981983848096,51.121212121212125,51.121212121212125,0.1
mean,-37.767710026484714,,1.3157049181588678,1.2854890244202382,51.121212121212125,51.121212121212125,0.1
median,-43.45661149651209,,1.3966542209956367,1.3681592176350768,51.121212121212125,51.121212121212125,0.1
