,R2,Pearson_r,RMSE,MAE,n_imputed,n_scored,missingness_prop
sudoku,6.65408563416291,0.050368510366050084,0.7907718288949401,0.785877174177067,12.94292114417437,12.94292114417437,0.4
missforest,5.602749227112449,0.04874736512885898,0.7936904509075641,0.7881554135436676,12.94292114417437,12.94292114417437,0.4
mean,10.89883592153175,,0.8067643314393154,0.801848388599884,12.94292114417437,12.94292114417437,0.4
mice,8.031375960644972,0.05060064242992707,0.8083104237509484,0.803414505449777,12.94292114417437,12.94292114417437,0.4
knn,9.48596354637377,0.04032366491078543,0.8122696497977007,0.8070752215363943,12.94292114417437,12.94292114417437,0.4
softimpute,10.208938197351207,0.04453502999723241,0.8485429387864701,0.8438706415888233,12.94292114417437,12.94292114417437,0.4
median,11.960554332954908,,0.8497491371676033,0.8450938335661382,12.94292114417437,12.94292114417437,0.4
factorization,8.676206056693697,0.0487812975439079,0.8503826051085018,0.8457563740462349,12.94292114417437,12.94292114417437,0.4
