,R2,Pearson_r,RMSE,MAE,n_imputed,n_scored,missingness_prop
sudoku,7.166201114697697,0.05320079102136658,0.7797744711302972,0.7730586784191542,3.831653062068472,3.831653062068472,0.1
missforest,5.98767828146218,0.05189492825333095,0.7861578756778521,0.7817091210631993,3.831653062068472,3.831653062068472,0.1
mean,10.917038604226061,,0.8070032788335029,0.8021083254008339,3.831653062068472,3.831653062068472,0.1
mice,7.641870460489261,0.05195437725206911,0.8088496212072332,0.8039512773430367,3.831653062068472,3.831653062068472,0.1
knn,9.439280760582097,0.04576297075161209,0.8091955619627224,0.8001241091677291,3.831653062068472,3.831653062068472,0.1
softimpute,10.145784175764039,0.04828961349968093,0.8474471190384304,0.8427786083921073,3.831653062068472,3.831653062068472,0.1
median,11.977026664510243,,0.8499225560324283,0.8452751615737952,3.831653062068472,3.831653062068472,0.1
factorization,8.279906079598714,0.051574968083132486,0.850616499613915,0.8459679250578835,3.831653062068472,3.831653062068472,0.1
