,R2,Pearson_r,RMSE,MAE,n_imputed,n_scored,missingness_prop
sudoku,-16.48375663925002,0.15887111738261178,1.15103334219119,1.1157684237760948,82.31313131313131,82.31313131313131,0.2
missforest,-16.621517931870752,0.2372797399319608,1.1511972666042352,1.1177210062763479,82.31313131313131,82.31313131313131,0.2
mice,-18.00897339109324,0.28067141433864556,1.1694360523752478,1.1368076854374904,82.31313131313131,82.31313131313131,0.2
knn,-22.178620971981058,0.11902197618463721,1.2249433009916766,1.1871931676243561,82.31313131313131,82.31313131313131,0.2
factorization,-19.74845879793907,0.2446898926715071,1.238354665341743,1.2055583942633632,82.31313131313131,82.31313131313131,0.2
mean,-38.14166777734457,,1.3245766234967953,1.2952618498350572,82.31313131313131,82.31313131313131,0.2
softimpute,-32.03192880167956,0.056598282719102624,1.3303975409185007,1.300403485538935,82.31313131313131,82.31313131313131,0.2
median,-43.617502528479264,,1.4010623067882662,1.372876171859709,82.31313131313131,82.31313131313131,0.2
