,R2,Pearson_r,RMSE,MAE,n_imputed,n_scored,missingness_prop
sudoku,7.582915872267463,0.048269169364301784,0.7846526414176117,0.7790598293341781,10.338600830129884,10.338600830129884,0.3
missforest,5.661774524338185,0.04965167340890513,0.786627650660338,0.7798201313360787,10.338600830129884,10.338600830129884,0.3
knn,9.486854227823443,0.04295222638667319,0.8065006551738626,0.7990696002944907,10.338600830129884,10.338600830129884,0.3
mean,10.90368913336218,,0.8068219099860691,0.8019109835500866,10.338600830129884,10.338600830129884,0.3
mice,8.332166434049263,0.052788227215552236,0.8084113400499907,0.8035153077555569,10.338600830129884,10.338600830129884,0.3
softimpute,10.189255052110749,0.04588151530021804,0.8486059349407803,0.8439337468387383,10.338600830129884,10.338600830129884,0.3
median,11.965494976798341,,0.8498036395407694,0.8451522581787536,10.338600830129884,10.338600830129884,0.3
factorization,8.804580396848904,0.05268460910539262,0.8504279264138213,0.8457904834000283,10.338600830129884,10.338600830129884,0.3
