,R2,Pearson_r,RMSE,MAE,n_imputed,n_scored,missingness_prop
sudoku,-18.60109282771281,0.10898191092187762,1.1878152372340107,1.1498028798627389,127.9090909090909,127.9090909090909,0.5
missforest,-15.752369832320975,0.1372509738349792,1.1899148015863497,1.1550058476512113,127.9090909090909,127.9090909090909,0.5
mice,-18.806162105901738,0.2042297471491768,1.1966596221814143,1.162511591618464,127.9090909090909,127.9090909090909,0.5
knn,-23.131585237327666,0.06999395459496344,1.2506044616213483,1.2107935775929297,127.9090909090909,127.9090909090909,0.5
factorization,-20.948789196321684,0.04571398044275059,1.2840153867725297,1.2496891399790784,127.9090909090909,127.9090909090909,0.5
mean,-38.714013576207094,,1.3404728733239637,1.3120271116391047,127.9090909090909,127.9090909090909,0.5
softimpute,-34.54030465699585,-0.016295920977555754,1.3655874323315125,1.336112482691228,127.9090909090909,127.9090909090909,0.5
median,-44.358279319524534,,1.41921409890642,1.3919415773199069,127.9090909090909,127.9090909090909,0.5
