,R2,Pearson_r,RMSE,MAE,n_imputed,n_scored,missingness_prop
missforest,-15.244956304010657,0.16631073568334692,1.175614181659034,1.1409255334219037,115.91919191919192,115.91919191919192,0.4
mice,-18.080087533505463,0.2585236231548286,1.1878362959427617,1.153908667675394,115.91919191919192,115.91919191919192,0.4
sudoku,-16.84253390507836,0.11812087158155855,1.1885486017123452,1.1523943470151337,115.91919191919192,115.91919191919192,0.4
knn,-22.792443631329288,0.07737421618473271,1.2496322626004268,1.2101166174850957,115.91919191919192,115.91919191919192,0.4
factorization,-20.861967587427365,0.1100520195583839,1.2698390317655868,1.236313270997795,115.91919191919192,115.91919191919192,0.4
mean,-38.49844939569094,,1.335396865256299,1.3065988448956551,115.91919191919192,115.91919191919192,0.4
softimpute,-33.51673645878942,0.01569049295646846,1.353974581883343,1.3244501437072382,115.91919191919192,115.91919191919192,0.4
median,-44.021259225286975,,1.4110367333459224,1.3830866310093315,115.91919191919192,115.91919191919192,0.4
