,R2,Pearson_r,RMSE,MAE,n_imputed,n_scored,missingness_prop
sudoku,0.2142289217653459,0.043307697420959315,0.02306295587612039,0.01066092883011378,11.218391493093277,11.218391493093277,0.2
knn,0.22885993481450137,0.04696922891593259,0.02364836674546794,0.011753445645916582,11.218391493093277,11.218391493093277,0.2
missforest,0.12210505974953885,0.03564769868875092,0.02663899464240263,0.01034165778553078,11.218391493093277,11.218391493093277,0.2
mice,0.753036671185262,0.05120826706240059,0.03637092916400833,0.03158814883245715,11.218391493093277,11.218391493093277,0.2
softimpute,0.09898130655584006,0.03874994515165025,0.04193553701302258,0.01815116411361499,11.218391493093277,11.218391493093277,0.2
factorization,0.2819220978234892,0.04027843849003378,0.04368503227303663,0.022131629921503554,11.218391493093277,11.218391493093277,0.2
mean,0.08289670134376029,,0.04435509421336995,0.027681404641152544,11.218391493093277,11.218391493093277,0.2
median,0.11843242018899286,,0.0478961157592402,0.01951596865619285,11.218391493093277,11.218391493093277,0.2
