,R2,Pearson_r,RMSE,MAE,n_imputed,n_scored,missingness_prop
knn,1.912711806851898,0.04612693550823611,0.03456618425836063,0.016857473539492795,31.851365294973554,31.851365294973554,0.5
sudoku,2.0695325064188683,0.04550968247341006,0.03675523786793403,0.015662408099127906,31.851365294973554,31.851365294973554,0.5
mice,4.0169232691254715,0.050118379350429405,0.04466663201876189,0.03244595054072781,31.851365294973554,31.851365294973554,0.5
softimpute,0.703997912299246,0.04184350294908691,0.045174064875526325,0.019411106035498,31.851365294973554,31.851365294973554,0.5
mean,0.10828376574326527,,0.04722639241531506,0.029169632694358932,31.851365294973554,31.851365294973554,0.5
factorization,2.347642520275608,0.04342422942480973,0.048269506949491225,0.023410468369276505,31.851365294973554,31.851365294973554,0.5
median,0.1303215681087121,,0.05130286546367839,0.02154987982149824,31.851365294973554,31.851365294973554,0.5
missforest,5.4419205970064946,0.04537553155471795,0.0625996264603309,0.03341532027269611,31.851365294973554,31.851365294973554,0.5
