,R2,Pearson_r,RMSE,MAE,n_imputed,n_scored,missingness_prop
sudoku,1.0484718148721575,0.042328431322320205,0.028500430851478294,0.013468589346511973,25.21212283447216,25.21212283447216,0.4
knn,0.9843209853419469,0.047705645734163575,0.03406716996294941,0.01609683460160604,25.21212283447216,25.21212283447216,0.4
mice,1.7480838224022617,0.050365345129727845,0.04305897828128209,0.029144038118568954,25.21212283447216,25.21212283447216,0.4
softimpute,0.3881560879901011,0.04264408976207184,0.04649405165857507,0.019827779795445373,25.21212283447216,25.21212283447216,0.4
mean,0.09327379788178844,,0.047219201409019265,0.029084393763659133,25.21212283447216,25.21212283447216,0.4
factorization,0.7991464834307301,0.041210496090120806,0.047818612981065156,0.022386747263046854,25.21212283447216,25.21212283447216,0.4
median,0.12313128979807501,,0.05129435242273838,0.02151332415240361,25.21212283447216,25.21212283447216,0.4
missforest,1.1697327266359674,0.04417649125828862,0.05383757535247475,0.02635040880247815,25.21212283447216,25.21212283447216,0.4
