,R2,Pearson_r,RMSE,MAE,n_imputed,n_scored,missingness_prop
sudoku,0.23145890992705093,0.7401308370763967,0.07693150224708706,0.041308980443121396,92.25,92.25,0.1
missforest,0.5039469908369799,0.830862431026724,0.08025734382293852,0.035775178603449274,92.25,92.25,0.1
knn,0.13094165599468482,0.6384019797274373,0.09965795167033234,0.05375727212125284,92.25,92.25,0.1
softimpute,0.23447583044107273,0.732240603313991,0.11299712996572422,0.06758708823307383,92.25,92.25,0.1
factorization,-0.07170560638313125,0.7118685959040972,0.116955456646186,0.0758109769464442,92.25,92.25,0.1
mice,-4.339009118635313,0.7172973404573542,0.15633136660713348,0.12292793509079099,92.25,92.25,0.1
mean,-0.2390157576794643,,0.1592046629018023,0.1076023805569866,92.25,92.25,0.1
median,-0.37532943816710007,,0.16882870399120614,0.09248993755659696,92.25,92.25,0.1
