,R2,Pearson_r,RMSE,MAE,n_imputed,n_scored,missingness_prop
missforest,0.3702021934207994,0.7644131495908394,0.08986321678994166,0.042803159281757895,169.1,169.1,0.2
sudoku,0.13330668005163865,0.6958292053679329,0.09344619017708933,0.049593061962120065,169.1,169.1,0.2
knn,-0.05157176385294472,0.5764317301336436,0.1121274930443266,0.06182297508192595,169.1,169.1,0.2
softimpute,0.17754642388816078,0.686271372910153,0.126720200469417,0.07435455815607107,169.1,169.1,0.2
factorization,-0.22225528141041645,0.6393272565143753,0.13636485522313935,0.0845899441668708,169.1,169.1,0.2
mice,-1.3408202731961212,0.6520435817527751,0.15580210845330983,0.12061382820226293,169.1,169.1,0.2
mean,-0.2577826774010503,,0.1634929831013139,0.11043075930933428,169.1,169.1,0.2
median,-0.38905483204458363,,0.17289420643619896,0.09513106311022744,169.1,169.1,0.2
