,R2,Pearson_r,RMSE,MAE,n_imputed,n_scored,missingness_prop
sudoku,-0.09937701587858758,0.6574806367180007,0.10662370749122038,0.05622970600594797,237.7,237.7,0.3
missforest,-0.26804493533642015,0.7114468570534281,0.12431905662722051,0.06565602641043548,237.7,237.7,0.3
knn,-0.4315488721264319,0.5060568552827598,0.12962265855680483,0.07106888060774293,237.7,237.7,0.3
softimpute,-0.1270995167454251,0.6310243111099613,0.1438801614957696,0.0831180078622489,237.7,237.7,0.3
factorization,-0.651273728480582,0.5709903357433216,0.15409644154475594,0.09327337105077489,237.7,237.7,0.3
mice,-1.6675951136446934,0.5865668883569082,0.15988114298636302,0.11124439034643455,237.7,237.7,0.3
mean,-0.28382546929785785,,0.1687722752883435,0.11324000183147616,237.7,237.7,0.3
median,-0.39778648270103606,,0.17830625528209904,0.09849779408949887,237.7,237.7,0.3
