,R2,Pearson_r,RMSE,MAE,n_imputed,n_scored,missingness_prop
sudoku,0.3446559455110052,0.045263635587091566,0.027989549342520292,0.011679584956309344,18.161744804918232,18.161744804918232,0.3
knn,0.5220617059709726,0.049619459699874725,0.03256034072406104,0.01507447911956974,18.161744804918232,18.161744804918232,0.3
mice,1.0298473905285586,0.05025240676800673,0.041682232776001166,0.028193034977993883,18.161744804918232,18.161744804918232,0.3
missforest,0.45981818344742703,0.039490332120501286,0.04523510138731577,0.022074990576736387,18.161744804918232,18.161744804918232,0.3
softimpute,0.19954780983092532,0.04328523042979889,0.04649708539096119,0.01985969105187151,18.161744804918232,18.161744804918232,0.3
mean,0.08750472895209548,,0.04723626727265094,0.029032405723236496,18.161744804918232,18.161744804918232,0.3
factorization,0.41011106990051704,0.0417558678295309,0.04755818293484666,0.023151347420440612,18.161744804918232,18.161744804918232,0.3
median,0.12146539836741296,,0.051327834386944826,0.021470245914582683,18.161744804918232,18.161744804918232,0.3
