,R2,Pearson_r,RMSE,MAE,n_imputed,n_scored,missingness_prop
sudoku,-0.7854873811382042,0.636100146586102,0.11115967218228295,0.061580877034642725,296.425,296.425,0.4
knn,-0.9626683746364666,0.4717473573759921,0.135271717909422,0.07583968376905662,296.425,296.425,0.4
missforest,-1.5185017906083176,0.6715654266755982,0.14149169315874438,0.07749511070621393,296.425,296.425,0.4
softimpute,-0.5443165471664366,0.5956689642921065,0.151684042478393,0.0895561254025209,296.425,296.425,0.4
mice,-2.075246064796331,0.5831754602523601,0.1548393883933099,0.10669472255281973,296.425,296.425,0.4
factorization,-1.428419980799649,0.5307620157930547,0.1669594546432235,0.10208039547071224,296.425,296.425,0.4
mean,-0.31104605734094554,,0.1690847802720356,0.11385260061901577,296.425,296.425,0.4
median,-0.41736904639555916,,0.17831238516507386,0.09879809110174091,296.425,296.425,0.4
