,R2,Pearson_r,RMSE,MAE,n_imputed,n_scored,missingness_prop
sudoku,-1.9528751534835358,0.5655260747857997,0.1307326109908423,0.0713092403901997,345.925,345.925,0.5
knn,-2.027494503990414,0.40904104840783295,0.14490968242750096,0.08283343176223196,345.925,345.925,0.5
softimpute,-1.3478211112438696,0.5210770180010683,0.1670034320670153,0.10011450525731051,345.925,345.925,0.5
mean,-0.3571890347358865,,0.1709090726187695,0.11532995466524468,345.925,345.925,0.5
missforest,-6.734758534977504,0.6126250328333548,0.17321794266816654,0.10252894882966275,345.925,345.925,0.5
mice,-4.803497077322487,0.4913201249371099,0.17812840181125514,0.12347419429263248,345.925,345.925,0.5
median,-0.4462099294896863,,0.17941693481392867,0.09998246787833705,345.925,345.925,0.5
factorization,-3.750692056641924,0.4750394510876435,0.18955988491149425,0.12062208496357259,345.925,345.925,0.5
