,R2,Pearson_r,RMSE,MAE,n_imputed,n_scored,missingness_prop
mice,0.5135385227981486,0.6104446453700008,0.19172224402610505,0.13283414874166144,88.78787878787878,88.78787878787878,0.1
missforest,0.3234710666297451,0.6258784955855178,0.19410798754503283,0.1287838561623986,88.78787878787878,88.78787878787878,0.1
sudoku,0.4407724939659345,0.6159922043425741,0.20466043650567584,0.137284779449057,88.78787878787878,88.78787878787878,0.1
factorization,0.43062148393228256,0.6057061047996753,0.20848067358877176,0.11045949025053557,88.78787878787878,88.78787878787878,0.1
knn,0.2697201673974543,0.5456621247730473,0.22512296668488932,0.13765626647310517,88.78787878787878,88.78787878787878,0.1
softimpute,0.18412232858327887,0.46536198248042754,0.24583285862497709,0.14002172953865974,88.78787878787878,88.78787878787878,0.1
mean,-0.2882479589109094,,0.28020442081053304,0.20812476523457227,88.78787878787878,88.78787878787878,0.1
median,-0.41561630160283014,,0.3021465795694523,0.16778872848902437,88.78787878787878,88.78787878787878,0.1
