,R2,Pearson_r,RMSE,MAE,n_imputed,n_scored,missingness_prop
mean,0.07950656580113862,,0.10812971642132087,0.07653750848857793,0.7882711548567578,0.7882711548567578,0.1
mice,0.041185461637966575,0.04265539724074834,0.10882506821315488,0.0769786559209871,0.7882711548567578,0.7882711548567578,0.1
missforest,0.15380338549419162,0.04270750288159293,0.1111601553462216,0.07859514569261078,0.7882711548567578,0.7882711548567578,0.1
softimpute,0.04000525517072292,0.036624999009969114,0.11643798572327357,0.051816351382378494,0.7882711548567578,0.7882711548567578,0.1
median,0.0660564331214019,,0.11851716090400331,0.0485512261295817,0.7882711548567578,0.7882711548567578,0.1
factorization,0.05026492467295885,0.0407294174531957,0.1187410823691913,0.049208654185952445,0.7882711548567578,0.7882711548567578,0.1
sudoku,0.05480122043121067,0.04189611850620587,0.11945667174487498,0.08469944383304465,0.7882711548567578,0.7882711548567578,0.1
knn,0.0860032896532782,0.039155770522598374,0.12036397628535976,0.07369043994895598,0.7882711548567578,0.7882711548567578,0.1
