,R2,Pearson_r,RMSE,MAE,n_imputed,n_scored,missingness_prop
missforest,-0.1791492879146752,0.6235496022111413,0.20602994072464242,0.12934675542715945,170.83838383838383,170.83838383838383,0.2
mice,-0.3351844685290553,0.5613939471989826,0.20950392266382434,0.13864276685479338,170.83838383838383,170.83838383838383,0.2
factorization,-0.04321988429471412,0.576481369757854,0.2159275822367882,0.11140048759657144,170.83838383838383,170.83838383838383,0.2
sudoku,0.20707485810734177,0.5859587360279819,0.22501950691808817,0.14234572862798966,170.83838383838383,170.83838383838383,0.2
knn,0.24872457611950696,0.5308183870795297,0.230287524910821,0.13752650153164664,170.83838383838383,170.83838383838383,0.2
softimpute,0.10877071752915578,0.4469198309651687,0.2498294646049506,0.13853771662099212,170.83838383838383,170.83838383838383,0.2
mean,-0.6134362350371689,,0.28366350176119426,0.20442171144931917,170.83838383838383,170.83838383838383,0.2
median,-0.4377771333499168,,0.3032279039845498,0.1650167347862159,170.83838383838383,170.83838383838383,0.2
