,R2,Pearson_r,RMSE,MAE,n_imputed,n_scored,missingness_prop
mice,0.08748419654871337,0.5545223308533287,0.2223836623095837,0.14467208337005869,241.0909090909091,241.0909090909091,0.3
sudoku,0.3261196963703231,0.5814856225055983,0.22548278281270923,0.14241915004477104,241.0909090909091,241.0909090909091,0.3
missforest,-15.401091980565017,0.6159466570758433,0.22876436380602352,0.14268492427373367,241.0909090909091,241.0909090909091,0.3
factorization,0.17719990018138926,0.5583454588858473,0.23393233877958386,0.1221251514336285,241.0909090909091,241.0909090909091,0.3
knn,0.2275840775347091,0.5097652409007009,0.24022837767259422,0.14100834419626132,241.0909090909091,241.0909090909091,0.3
softimpute,0.08126467308623697,0.43848077593313806,0.2639079050222182,0.1457555331721092,241.0909090909091,241.0909090909091,0.3
mean,-0.5091620244659045,,0.2951089033496146,0.20956735039516478,241.0909090909091,241.0909090909091,0.3
median,-0.48104940087007614,,0.31536943059718336,0.17181896016667716,241.0909090909091,241.0909090909091,0.3
