,R2,Pearson_r,RMSE,MAE,n_imputed,n_scored,missingness_prop
mean,0.10039350450985643,,0.11579261053426657,0.07408826257361172,9.186266302129273,9.186266302129273,0.4
softimpute,0.06501359512961832,0.034673149426188495,0.12419776974980497,0.04962451257452355,9.186266302129273,9.186266302129273,0.4
mice,0.07983439549696952,0.03987456140134735,0.12425945477685357,0.08331733339878027,9.186266302129273,9.186266302129273,0.4
median,0.09122659401026414,,0.12528653475262327,0.04804633658603397,9.186266302129273,9.186266302129273,0.4
factorization,0.07660786557917428,0.03845689461118589,0.12558325607915471,0.04801795013371357,9.186266302129273,9.186266302129273,0.4
knn,0.07777823188234083,0.03769865142969492,0.12592985998950137,0.0738050856474148,9.186266302129273,9.186266302129273,0.4
sudoku,0.07185983460947286,0.038293192723078254,0.1294661739977753,0.08485487467167839,9.186266302129273,9.186266302129273,0.4
missforest,0.5168253341943815,0.035091196078734906,0.13380617371073145,0.08926477090853002,9.186266302129273,9.186266302129273,0.4
