,R2,Pearson_r,RMSE,MAE,n_imputed,n_scored,missingness_prop
sudoku,0.2852649374753778,0.5687397041728472,0.23034380313796285,0.14986110724835922,299.83838383838383,299.83838383838383,0.4
mice,0.2394361581945414,0.5314939424284509,0.2320431586265899,0.16027679544978532,299.83838383838383,299.83838383838383,0.4
knn,0.16947879493876494,0.5022873815508329,0.24078105159824809,0.14619007787579313,299.83838383838383,299.83838383838383,0.4
factorization,0.16885098485039637,0.5207105164333184,0.2417071392946944,0.12975335394903045,299.83838383838383,299.83838383838383,0.4
missforest,-0.7418426081512749,0.6028103348333707,0.24695083308712146,0.16540597736404541,299.83838383838383,299.83838383838383,0.4
softimpute,0.014440961143500061,0.42459957371122303,0.26524973162693927,0.1482775794701363,299.83838383838383,299.83838383838383,0.4
mean,-0.43762376207174297,,0.2929413193504263,0.21088048560027883,299.83838383838383,299.83838383838383,0.4
median,-0.5527612329937512,,0.3143078315282563,0.1742870229345702,299.83838383838383,299.83838383838383,0.4
