,R2,Pearson_r,RMSE,MAE,n_imputed,n_scored,missingness_prop
knn,0.051523648046232044,0.4413788457616021,0.25316354630668825,0.15203483019769576,346.3131313131313,346.3131313131313,0.5
mice,-0.13341659191970562,0.46616096009049657,0.25849719530238413,0.18247324680454519,346.3131313131313,346.3131313131313,0.5
factorization,-0.10603541086463623,0.44098335005085104,0.2618632814029997,0.14420512886784728,346.3131313131313,346.3131313131313,0.5
softimpute,-0.13597450106944964,0.38803404169113326,0.2751604641073188,0.15428176643978628,346.3131313131313,346.3131313131313,0.5
sudoku,0.1647520762166311,0.5082040286200937,0.27846416764056614,0.20979893839635191,346.3131313131313,346.3131313131313,0.5
mean,-0.490751387233636,,0.29612560321266884,0.2137552533931614,346.3131313131313,346.3131313131313,0.5
median,-0.7044900799251543,,0.3205145640366635,0.18017877257425535,346.3131313131313,346.3131313131313,0.5
missforest,-1.4945872693891236,0.5395597567290268,0.39795334134775634,0.2981223627781601,346.3131313131313,346.3131313131313,0.5
