,R2,Pearson_r,RMSE,MAE,n_imputed,n_scored,missingness_prop
mean,0.10979357872968484,,0.11584815615731327,0.07436533080960778,12.619338773612862,12.619338773612862,0.5
softimpute,0.08994119562732268,0.035503857939904904,0.12429120029404489,0.0483785032661417,12.619338773612862,12.619338773612862,0.5
median,0.1409817919096747,,0.12497277362452712,0.04732298154326445,12.619338773612862,12.619338773612862,0.5
factorization,0.10955620987315384,0.03782845012479127,0.1252361069764569,0.04711707714339076,12.619338773612862,12.619338773612862,0.5
knn,0.0792298249736687,0.037958114929340224,0.12730481012997671,0.07080093619260829,12.619338773612862,12.619338773612862,0.5
mice,0.14551617973882813,0.039952826083575595,0.13326277213619786,0.09192653336850633,12.619338773612862,12.619338773612862,0.5
sudoku,0.07280200406046147,0.03867272405929516,0.16636633983330423,0.1356932020022566,12.619338773612862,12.619338773612862,0.5
missforest,0.5184768111064185,0.03490891227547318,0.25227842271297213,0.1942974170601,12.619338773612862,12.619338773612862,0.5
