,R2,Pearson_r,RMSE,MAE,n_imputed,n_scored,missingness_prop
mean,0.15684951003292513,,0.1206153553684857,0.07496449730378985,5.711039678848049,5.711039678848049,0.3
mice,0.2589284375953895,0.04060094900294258,0.12328977652411352,0.0750129633387837,5.711039678848049,5.711039678848049,0.3
missforest,15.629219245984364,0.037170373254122605,0.12879233046830368,0.07746245906471616,5.711039678848049,5.711039678848049,0.3
softimpute,0.052010872668096675,0.035289903697616566,0.12906189235639812,0.05178593572292756,5.711039678848049,5.711039678848049,0.3
median,0.07610750991078609,,0.13041399750595964,0.0497160592998206,5.711039678848049,5.711039678848049,0.3
knn,0.07457294402916453,0.0385861426815106,0.13042770407503682,0.07270725581595075,5.711039678848049,5.711039678848049,0.3
factorization,0.15037470879524825,0.03935730622230402,0.13073939553152397,0.0498914327293305,5.711039678848049,5.711039678848049,0.3
sudoku,0.06858148779058715,0.0399497196238678,0.1308396320879639,0.08226720058058919,5.711039678848049,5.711039678848049,0.3
