,R2,Pearson_r,RMSE,MAE,n_imputed,n_scored,missingness_prop
missforest,-27.092240559305615,0.21866393653850635,0.6177466064868653,0.592395349303396,129.925,129.925,0.5
knn,-59.01092685201784,0.01146295010906733,0.7250887086758293,0.6953329661795246,129.925,129.925,0.5
mice,-102.59331010787255,0.3074900424243837,0.7847936881256128,0.7251771794659528,129.925,129.925,0.5
sudoku,-150.82994813779231,0.14789739496743776,0.8920733715303235,0.8452350279770984,129.925,129.925,0.5
factorization,-153.35936213658164,0.16882385948151143,1.1027335714742363,1.0741028875498793,129.925,129.925,0.5
softimpute,-169.72178200744423,0.19019451963859518,1.106558281941768,1.082421415748541,129.925,129.925,0.5
mean,-309.35580957443733,,1.203505589174283,1.1867349554757822,129.925,129.925,0.5
median,-331.5010222493996,,1.2365726808302469,1.2195225511174528,129.925,129.925,0.5
