,R2,Pearson_r,RMSE,MAE,n_imputed,n_scored,missingness_prop
missforest,15.407128384053632,0.12148537830793545,0.22814031623681236,0.22369371839829844,32.88289999649494,32.88289999649494,0.5
knn,27.810422523599453,0.1165208944903122,0.25625026684666224,0.25011049639352734,32.88289999649494,32.88289999649494,0.5
mice,64.61649321654387,0.11961804922345928,0.38281805097578264,0.3506982390442952,32.88289999649494,32.88289999649494,0.5
sudoku,97.38077943927007,0.11500617192940145,0.4262994765850204,0.4034077133417926,32.88289999649494,32.88289999649494,0.5
mean,180.5765808505525,,0.6143907986719219,0.6131478754352585,32.88289999649494,32.88289999649494,0.5
softimpute,104.79196648876952,0.10350675265707963,0.6150902063216379,0.6136533081780771,32.88289999649494,32.88289999649494,0.5
factorization,95.88938892063968,0.10303385502731746,0.6211261731715427,0.620148889281231,32.88289999649494,32.88289999649494,0.5
median,193.79209529503288,,0.6303101719270805,0.6291342220811819,32.88289999649494,32.88289999649494,0.5
