,R2,Pearson_r,RMSE,MAE,n_imputed,n_scored,missingness_prop
missforest,14.847593841906312,0.11692854959043375,0.21613248292883516,0.21118968257560503,6.915775351900084,6.915775351900084,0.1
knn,30.27832990385311,0.11869901382334808,0.26850337401572494,0.2600454541357146,6.915775351900084,6.915775351900084,0.1
mice,33.664401368519655,0.1163294849940372,0.33010325390199863,0.3177663019003228,6.915775351900084,6.915775351900084,0.1
sudoku,86.34139193351025,0.11998373648741414,0.42406268077278003,0.39647916509949843,6.915775351900084,6.915775351900084,0.1
softimpute,97.33788970473803,0.11073757379580453,0.608911258673923,0.6075052223482016,6.915775351900084,6.915775351900084,0.1
factorization,85.19727324175037,0.11186318196957468,0.6091513614409246,0.6080901659933692,6.915775351900084,6.915775351900084,0.1
mean,180.57902834284224,,0.6144403750753733,0.6132343455451018,6.915775351900084,6.915775351900084,0.1
median,193.7924534907717,,0.6302961170297406,0.6291417916191204,6.915775351900084,6.915775351900084,0.1
