,R2,Pearson_r,RMSE,MAE,n_imputed,n_scored,missingness_prop
missforest,-31.859330966796694,0.19687258127561438,0.6158769919353965,0.5898864953792854,108.925,108.925,0.4
knn,-65.60403600317802,0.043212578005904174,0.7260147015287103,0.6960173250586104,108.925,108.925,0.4
mice,-90.12220625951159,0.337797611917491,0.7566236837201011,0.7070304107644695,108.925,108.925,0.4
sudoku,-143.77170232743578,0.04125793787538355,0.897377287102193,0.8440822672707295,108.925,108.925,0.4
factorization,-139.04984581328526,0.11434152063838682,1.0875216796864027,1.0594090030340737,108.925,108.925,0.4
softimpute,-160.4372177718319,0.23086653204559343,1.1039909468180404,1.080038488444141,108.925,108.925,0.4
mean,-309.3541962893495,,1.203621569494314,1.1866651343374386,108.925,108.925,0.4
median,-331.4998927324551,,1.2366622087857575,1.2194928317699127,108.925,108.925,0.4
