,R2,Pearson_r,RMSE,MAE,n_imputed,n_scored,missingness_prop
missforest,19.645664213397737,0.12685778851215784,0.22895052477010552,0.22357288030145864,26.43665354467213,26.43665354467213,0.4
knn,31.042910310907203,0.11305189121340456,0.2562381875549347,0.25012039252846024,26.43665354467213,26.43665354467213,0.4
mice,56.292936192359925,0.1155320676555791,0.36248521251641364,0.3405041961786293,26.43665354467213,26.43665354467213,0.4
sudoku,95.91195906194794,0.12180234146362234,0.43308064753733994,0.40380373420891663,26.43665354467213,26.43665354467213,0.4
mean,180.57665168042598,,0.614385386801177,0.6131512586512805,26.43665354467213,26.43665354467213,0.4
softimpute,97.65472615690855,0.1049317685430207,0.6163866009687323,0.6150210410947783,26.43665354467213,26.43665354467213,0.4
factorization,85.1460620523887,0.10841301979234338,0.6183784622401232,0.6173463368024742,26.43665354467213,26.43665354467213,0.4
median,193.79214483207267,,0.6303058288418903,0.6291355076209991,26.43665354467213,26.43665354467213,0.4
