,R2,Pearson_r,RMSE,MAE,n_imputed,n_scored,missingness_prop
missforest,12.050021163878819,0.1147231496586206,0.21803792573419983,0.21298702100718744,13.51499582609951,13.51499582609951,0.2
knn,29.503710396638045,0.11340693854213969,0.26853553307280176,0.26003189127238574,13.51499582609951,13.51499582609951,0.2
mice,35.79139832838877,0.11733181552215197,0.3232599681194925,0.31003808386269144,13.51499582609951,13.51499582609951,0.2
sudoku,82.03769627806801,0.12470627288260566,0.42546825682772477,0.39506708948402347,13.51499582609951,13.51499582609951,0.2
factorization,85.56073294051828,0.1102890220157238,0.6115046567979407,0.6104334917827264,13.51499582609951,13.51499582609951,0.2
softimpute,97.71681236775797,0.11467899354306482,0.6126835124545321,0.6113112673504717,13.51499582609951,13.51499582609951,0.2
mean,180.5775456817392,,0.6144161468694825,0.6131838986885236,13.51499582609951,13.51499582609951,0.2
median,193.79199840263595,,0.630313138282956,0.6291382946014685,13.51499582609951,13.51499582609951,0.2
