,R2,Pearson_r,RMSE,MAE,n_imputed,n_scored,missingness_prop
missforest,-40.800325201647816,0.14898934423869623,0.6549987601313856,0.6241900017728632,87.725,87.725,0.3
mice,-80.65174899995777,0.3544629632377668,0.7189821616369176,0.678612741418311,87.725,87.725,0.3
knn,-62.18735407405196,0.05265292332363255,0.7247618203700108,0.6949233876406585,87.725,87.725,0.3
sudoku,-133.8994887895191,0.05148333987687429,0.8944307028278752,0.841248257831469,87.725,87.725,0.3
factorization,-139.8190426678922,0.2240385964625102,1.0796474538349774,1.0519498446210949,87.725,87.725,0.3
softimpute,-161.2164208920192,0.24577635050959726,1.102141807617424,1.0787961050208403,87.725,87.725,0.3
mean,-309.3532133681103,,1.2032758048809131,1.1864568385084913,87.725,87.725,0.3
median,-331.5004607784363,,1.2363661444499496,1.2193830498479628,87.725,87.725,0.3
