,R2,Pearson_r,RMSE,MAE,n_imputed,n_scored,missingness_prop
missforest,-22.825121826816392,0.3114147179872642,0.5937191746056232,0.5702890284013087,64.525,64.525,0.2
mice,-57.383663520793576,0.3434719584780394,0.7021518122905176,0.6636449466305544,64.525,64.525,0.2
knn,-63.06167643173076,0.06064160632679535,0.7354225210113123,0.7028894565648822,64.525,64.525,0.2
sudoku,-125.13441021257401,0.14165600084623423,0.8831233557541431,0.8286190135928291,64.525,64.525,0.2
factorization,-139.80326236576337,0.25605971137093403,1.068921163723844,1.0418699898899628,64.525,64.525,0.2
softimpute,-160.65093689377198,0.19802458493135214,1.0957775618261831,1.0724155363670806,64.525,64.525,0.2
mean,-309.33352339054505,,1.2028875447646734,1.1858887211550613,64.525,64.525,0.2
median,-331.50327899988054,,1.2365370034341823,1.2194622898786829,64.525,64.525,0.2
