,R2,Pearson_r,RMSE,MAE,n_imputed,n_scored,missingness_prop
knn,29.14354812474866,0.11320838751124682,0.25629737510308115,0.25017195335505227,20.11527635775154,20.11527635775154,0.3
missforest,23.35630999682493,0.1267707450578915,0.26665130254648767,0.25636090886960017,20.11527635775154,20.11527635775154,0.3
mice,50.288031913158136,0.11056792584895662,0.33250412336016105,0.3189471415099148,20.11527635775154,20.11527635775154,0.3
sudoku,90.89209296089521,0.12199043983744165,0.43410720612388326,0.4047089099399957,20.11527635775154,20.11527635775154,0.3
mean,180.57669483650363,,0.6144017504927167,0.6131613550147806,20.11527635775154,20.11527635775154,0.3
factorization,85.96263327021023,0.10709991843332334,0.6153010326270834,0.6143171060816722,20.11527635775154,20.11527635775154,0.3
softimpute,98.33424121835138,0.10449998855073638,0.6160012049228712,0.6146505519113562,20.11527635775154,20.11527635775154,0.3
median,193.7921199184424,,0.6303198970801793,0.6291408428895977,20.11527635775154,20.11527635775154,0.3
