,R2,Pearson_r,RMSE,MAE,n_imputed,n_scored,missingness_prop
missforest,-25.762863798113877,0.31311633791075666,0.5788644496237554,0.5532271637598474,39.4,39.4,0.1
mice,-53.064094418682,0.3444314500591821,0.7030103109901178,0.6655673297474858,39.4,39.4,0.1
knn,-64.35538601051515,0.041407758407007784,0.7248007337677065,0.6896130467611348,39.4,39.4,0.1
sudoku,-125.64250496375989,0.15080754904318835,0.8588814098711974,0.8030270151808718,39.4,39.4,0.1
factorization,-139.70369639176369,0.21075055703411955,1.0631555930690966,1.0356419952738118,39.4,39.4,0.1
softimpute,-160.4299830570818,0.1811487747685689,1.0885360533009243,1.0643117473516386,39.4,39.4,0.1
mean,-309.2993695625189,,1.201155239752321,1.1835671988067227,39.4,39.4,0.1
median,-331.4927494113969,,1.2368470728984502,1.2193288365846935,39.4,39.4,0.1
