,R2,Pearson_r,RMSE,MAE,n_imputed,n_scored,missingness_prop
sudoku,0.7396841344225658,0.09040937834230747,0.00097936325265335,0.00036564169663382023,8.838620487452335,8.838620487452335,0.1
knn,0.09268065888690945,0.05688359647382089,0.0010760825469138548,0.0003970676836217646,8.838620487452335,8.838620487452335,0.1
missforest,42.28488594530664,0.055418898714671753,0.0011935142144938093,0.00022430401161128408,8.838620487452335,8.838620487452335,0.1
mean,0.00472567208044883,,0.0011938635234794521,0.0005687596949660734,8.838620487452335,8.838620487452335,0.1
median,0.0020812437492567803,,0.0012005483719704007,0.0005673120982075346,8.838620487452335,8.838620487452335,0.1
factorization,23.976970332827122,0.07277386573621548,0.005824206047885194,0.003767866258269343,8.838620487452335,8.838620487452335,0.1
softimpute,224.915561554557,0.010021710907076887,0.020968679456092723,0.010874914947843773,8.838620487452335,8.838620487452335,0.1
mice,597.0735310062411,0.14043091650985973,0.04927194596549944,0.001425925338945944,8.838620487452335,8.838620487452335,0.1
