,R2,Pearson_r,RMSE,MAE,n_imputed,n_scored,missingness_prop
sudoku,0.0593086573026005,0.07447777700483582,0.0015369613403444283,0.0004023520878167376,11.644649137494591,11.644649137494591,0.3
missforest,0.11036091483091305,0.14724172613884617,0.0015601558768307392,0.0002621578063697877,11.644649137494591,11.644649137494591,0.3
mean,0.0001506553254744177,,0.0015890834642152776,0.0005602284792352696,11.644649137494591,11.644649137494591,0.3
median,0.002220492840045608,,0.0015937740764500811,0.0005584097991453621,11.644649137494591,11.644649137494591,0.3
knn,0.03509578843776025,0.05755865827616915,0.0015979287046933906,0.0005124471843573602,11.644649137494591,11.644649137494591,0.3
factorization,110.91339060202942,0.05597029314939313,0.017330770576311456,0.014306289186475918,11.644649137494591,11.644649137494591,0.3
softimpute,469.1188633059937,0.0045494857319145696,0.0356360946659264,0.0208970479387114,11.644649137494591,11.644649137494591,0.3
mice,384.9548947008534,0.07923093702777939,0.04992095093362478,0.0010380289405111087,11.644649137494591,11.644649137494591,0.3
