,R2,Pearson_r,RMSE,MAE,n_imputed,n_scored,missingness_prop
missforest,0.2435594190812976,0.37538496463312704,0.0070710204506339485,0.0011515086224713918,5980.166666666667,5980.166666666667,0.4
knn,0.07452081052377524,0.2643108840994,0.007655956268306068,0.0019715338149426096,5980.166666666667,5980.166666666667,0.4
sudoku,0.10609540677809642,0.2984286131887303,0.007760208266993023,0.0016912400897064776,5980.166666666667,5980.166666666667,0.4
mean,-0.00030358151962674623,,0.007940949834799814,0.002186392169770722,5980.166666666667,5980.166666666667,0.4
median,-0.004434174386032053,,0.00794363605557895,0.0021467695208238504,5980.166666666667,5980.166666666667,0.4
mice,-35.618085903222,0.29494860149049035,0.028011724785068994,0.001897697249842023,5980.166666666667,5980.166666666667,0.4
factorization,-191.12851825707253,-0.022856220450952314,0.07229004240240115,0.056118115346495544,5980.166666666667,5980.166666666667,0.4
softimpute,-761.0496601918248,0.001754286824640949,0.13626613757065179,0.08878744502558654,5980.166666666667,5980.166666666667,0.4
