,R2,Pearson_r,RMSE,MAE,n_imputed,n_scored,missingness_prop
missforest,0.07118496576112594,0.12762763519948567,0.0011240574609207418,0.00034041079124685864,15.059708603831726,15.059708603831726,0.5
sudoku,0.01938511735454944,0.05237364671346048,0.0011526828640080079,0.0005187467237658645,15.059708603831726,15.059708603831726,0.5
mean,5.993083664982266e-05,,0.0012493194428975195,0.0005678276620615358,15.059708603831726,15.059708603831726,0.5
median,0.0011639358320375416,,0.0012585291756285703,0.0005672991713680399,15.059708603831726,15.059708603831726,0.5
knn,0.026088339390963496,0.05559213426213461,0.0012588962283033899,0.0005302795300461752,15.059708603831726,15.059708603831726,0.5
mice,14.09529443646578,0.18333871645293245,0.013316176391265016,0.0005436274671689724,15.059708603831726,15.059708603831726,0.5
factorization,136.8115136846869,0.04925017713854995,0.030721102861938486,0.028392931076584006,15.059708603831726,15.059708603831726,0.5
softimpute,354.78312252203074,0.0034877322127091336,0.04633801653986424,0.03430387213619617,15.059708603831726,15.059708603831726,0.5
