,R2,Pearson_r,RMSE,MAE,n_imputed,n_scored,missingness_prop
sudoku,2.1584944768192424,0.07370038451769424,0.0012956592335738929,0.0003918535612377392,8.969082698049139,8.969082698049139,0.2
knn,0.0526199243085371,0.0572766453971023,0.0013715544538663832,0.0004911222895875272,8.969082698049139,8.969082698049139,0.2
missforest,26.95876392985655,0.17333901397898702,0.0013930115604759007,0.00024713162762704646,8.969082698049139,8.969082698049139,0.2
mean,0.011614138279895042,,0.00143185752560371,0.0005715197720018936,8.969082698049139,8.969082698049139,0.2
median,0.0024090800568673737,,0.0014378337164929118,0.0005711401275197178,8.969082698049139,8.969082698049139,0.2
factorization,53.23912505609352,0.06751005580407919,0.011933983854875896,0.008426380555521838,8.969082698049139,8.969082698049139,0.2
softimpute,293.75661385133037,0.0066519666866760845,0.029512360827955064,0.014355857125631777,8.969082698049139,8.969082698049139,0.2
mice,340.5388273604095,0.1485120657352733,0.037372542498147476,0.0009394328610259264,8.969082698049139,8.969082698049139,0.2
