,R2,Pearson_r,RMSE,MAE,n_imputed,n_scored,missingness_prop
missforest,0.2644907704718969,0.4197939785859825,0.006364927792683891,0.0010274555382295005,4479.916666666667,4479.916666666667,0.3
sudoku,0.15582627090502665,0.33698167158177844,0.00662924965754724,0.001592202798421878,4479.916666666667,4479.916666666667,0.3
knn,0.09325312979790351,0.30196665321781974,0.0066319842960391485,0.0019379418526682716,4479.916666666667,4479.916666666667,0.3
mean,-0.00038520007202771006,,0.006939075642292404,0.002173942141342893,4479.916666666667,4479.916666666667,0.3
median,-0.005413868917553577,,0.006940259526682591,0.0021303246747899404,4479.916666666667,4479.916666666667,0.3
factorization,-187.4672846214763,-0.045772180578686546,0.0522021535034849,0.036752281701226845,4479.916666666667,4479.916666666667,0.3
mice,-562.2998721393581,0.6176724332080622,0.0927326343835397,0.002946752777695001,4479.916666666667,4479.916666666667,0.3
softimpute,-915.259324176951,0.004458857714705896,0.11723723876007303,0.06706005989526775,4479.916666666667,4479.916666666667,0.3
