,R2,Pearson_r,RMSE,MAE,n_imputed,n_scored,missingness_prop
knn,0.33227662500689575,0.7280452088620301,0.0027619225891166127,0.0013950947475275376,1509.0,1509.0,0.1
missforest,-41.92385834423199,0.8559159452842596,0.0030240766899743044,0.0008152072211346932,1509.0,1509.0,0.1
sudoku,-0.3934484779291613,0.5202410566408747,0.0030940735326244044,0.0014008213592776118,1509.0,1509.0,0.1
mean,-0.005095996116007158,,0.00383761859633502,0.002130930039710944,1509.0,1509.0,0.1
median,-0.00732968882529315,,0.003838976134494824,0.0020848345744841185,1509.0,1509.0,0.1
factorization,-44.47621836557607,0.054973290424775494,0.0173859028736238,0.010301747431863281,1509.0,1509.0,0.1
mice,-600.8615230910926,0.4711749068162474,0.051947770904710845,0.0026343532441599755,1509.0,1509.0,0.1
softimpute,-468.56773088270955,0.0029642083277431814,0.06724719009437963,0.03526121480264829,1509.0,1509.0,0.1
