,R2,Pearson_r,RMSE,MAE,n_imputed,n_scored,missingness_prop
knn,0.07022710140457288,0.2659463556132672,0.007798517215024444,0.001995947412744091,7475.583333333333,7475.583333333333,0.5
missforest,0.11822903965728937,0.2667007771386804,0.007987819972145323,0.0012935570607489819,7475.583333333333,7475.583333333333,0.5
sudoku,0.043324188285625946,0.20450577595037842,0.008074835874867169,0.001934687553251399,7475.583333333333,7475.583333333333,0.5
median,-0.003312223718546651,,0.008093380829235388,0.0021572665223553397,7475.583333333333,7475.583333333333,0.5
mean,-0.00015711655252181878,,0.008095795330675754,0.002197924082907158,7475.583333333333,7475.583333333333,0.5
mice,-22.05044382562268,-0.02799549994870677,0.027929368369807136,0.0019470137782335807,7475.583333333333,7475.583333333333,0.5
factorization,-312.9503160296531,-0.022992427881586938,0.0941121391097016,0.0789277619468518,7475.583333333333,7475.583333333333,0.5
softimpute,-808.5634015945888,0.004307275551641786,0.1514251128298252,0.10947555668210766,7475.583333333333,7475.583333333333,0.5
