,R2,Pearson_r,RMSE,MAE,n_imputed,n_scored,missingness_prop
knn,0.15968428124666093,0.49946077651540216,0.0041749565386792805,0.0017488610961563227,2994.3333333333335,2994.3333333333335,0.2
sudoku,-1.9456062484851804,0.43735480687325845,0.0043139410764515655,0.0014912799235603155,2994.3333333333335,2994.3333333333335,0.2
missforest,-26.721853061513688,0.5514571505682934,0.004630148141083658,0.0009122774863248492,2994.3333333333335,2994.3333333333335,0.2
median,-0.006619267700085696,,0.004667316833596146,0.002100424221935232,2994.3333333333335,2994.3333333333335,0.2
mean,-0.012108432323185961,,0.0046683117837678185,0.0021510486778680833,2994.3333333333335,2994.3333333333335,0.2
factorization,-105.27999907920821,0.06968656520018891,0.031943766898796584,0.02099132897899987,2994.3333333333335,2994.3333333333335,0.2
mice,-364.2581333415413,0.38296423820630227,0.061061741190477976,0.0025921880540537554,2994.3333333333335,2994.3333333333335,0.2
softimpute,-616.0533621009821,0.012714495059845574,0.09421576296593492,0.04622496448080887,2994.3333333333335,2994.3333333333335,0.2
