,R2,Pearson_r,RMSE,MAE,n_imputed,n_scored,missingness_prop
sudoku,0.03653175237242678,0.06033270580610636,0.0012489515242824526,0.00042835544450496403,11.130652008818448,11.130652008818448,0.4
mean,9.539412515265705e-05,,0.0013290539206554392,0.0005604192495191216,11.130652008818448,11.130652008818448,0.4
median,0.0015161000164249934,,0.0013347954041392713,0.0005578331751641114,11.130652008818448,11.130652008818448,0.4
knn,0.02990261359966223,0.056543054134702654,0.0013454860649228064,0.0005172990904983425,11.130652008818448,11.130652008818448,0.4
missforest,0.09005765931572392,0.15092757267551526,0.0013771177794616898,0.00029534361513808494,11.130652008818448,11.130652008818448,0.4
mice,27.73943282122195,0.16031632283451472,0.013647651877180283,0.0005440593227203668,11.130652008818448,11.130652008818448,0.4
factorization,79.36128872812115,0.04812509244723714,0.02367593502379601,0.021071257960324555,11.130652008818448,11.130652008818448,0.4
softimpute,351.8109360195934,0.004387563888126372,0.0413085021436398,0.02772811991885939,11.130652008818448,11.130652008818448,0.4
