index,Total_missing_count,Total_models_trained,rows,cols,models_per_count,models_per_row,models_per_col
0.1,3690,297,1055,40,0.08048780487804878,0.28151658767772514,7.425
0.2,6764,445,1055,40,0.06578947368421052,0.4218009478672986,11.125
0.3,9508,440,1055,40,0.04627681952040387,0.41706161137440756,11.0
0.4,11857,428,1055,40,0.0360968204436198,0.4056872037914692,10.7
0.5,13837,311,1055,40,0.022475970224759702,0.2947867298578199,7.775
