index,Total_missing_count,Total_models_trained,rows,cols,models_per_count,models_per_row,models_per_col
0.1,19474,13,14980,13,0.0006675567423230974,0.0008678237650200267,1.0
0.2,38948,13,14980,13,0.0003337783711615487,0.0008678237650200267,1.0
0.3,58422,13,14980,13,0.00022251891410769915,0.0008678237650200267,1.0
0.4,77896,13,14980,13,0.00016688918558077436,0.0008678237650200267,1.0
0.5,96063,11,14980,13,0.00011450818733539448,0.0007343124165554072,0.8461538461538461
