index,Total_missing_count,Total_models_trained,rows,cols,models_per_count,models_per_row,models_per_col
0.1,8914,2960,900,99,0.3320619250617007,3.2888888888888888,29.8989898989899
0.2,17788,8413,900,99,0.47295929840341805,9.347777777777777,84.97979797979798
0.3,26720,14737,900,99,0.5515344311377246,16.374444444444446,148.85858585858585
0.4,35585,20243,900,99,0.5688632850920332,22.49222222222222,204.4747474747475
0.5,44464,8183,900,99,0.18403652392947104,9.092222222222222,82.65656565656566
