index,Total_missing_count,Total_models_trained,rows,cols,models_per_count,models_per_row,models_per_col
0.1,4252,358,1055,40,0.08419567262464722,0.33933649289099527,8.95
0.2,8404,697,1055,40,0.08293669681104236,0.6606635071090048,17.425
0.3,12657,1024,1055,40,0.0809038476732243,0.9706161137440759,25.6
0.4,16890,1224,1055,40,0.07246891651865009,1.1601895734597156,30.6
0.5,21098,208,1055,40,0.009858754384301829,0.1971563981042654,5.2
