index,Total_missing_count,Total_models_trained,rows,cols,models_per_count,models_per_row,models_per_col
0.1,19529,13,14980,13,0.000665676685954222,0.0008678237650200267,1.0
0.2,38867,13,14980,13,0.0003344739753518409,0.0008678237650200267,1.0
0.3,58171,13,14980,13,0.00022347905313644254,0.0008678237650200267,1.0
0.4,77725,13,14980,13,0.00016725635252492764,0.0008678237650200267,1.0
0.5,97144,11,14980,13,0.00011323396195338879,0.0007343124165554072,0.8461538461538461
