index,Total_missing_count,Total_models_trained,rows,cols,models_per_count,models_per_row,models_per_col
0.1,3012,13,14980,13,0.004316069057104913,0.0008678237650200267,1.0
0.2,6008,13,14980,13,0.0021637816245006656,0.0008678237650200267,1.0
0.3,9004,13,14980,13,0.0014438027543314082,0.0008678237650200267,1.0
0.4,12000,13,14980,13,0.0010833333333333333,0.0008678237650200267,1.0
0.5,14996,13,14980,13,0.0008668978394238463,0.0008678237650200267,1.0
