index,Total_missing_count,Total_models_trained,rows,cols,models_per_count,models_per_row,models_per_col
0.1,1576,129,1055,40,0.08185279187817258,0.12227488151658768,3.225
0.2,2581,139,1055,40,0.053855094924447885,0.13175355450236967,3.475
0.3,3509,150,1055,40,0.04274722143060701,0.14218009478672985,3.75
0.4,4357,147,1055,40,0.03373881110856094,0.13933649289099526,3.675
0.5,5197,154,1055,40,0.029632480277082932,0.14597156398104266,3.85
