index,Total_missing_count,Total_models_trained,rows,cols,models_per_count,models_per_row,models_per_col
0.1,5061,1531,900,99,0.30250938549693734,1.701111111111111,15.464646464646465
0.2,8149,2180,900,99,0.2675174868081973,2.422222222222222,22.02020202020202
0.3,10043,2186,900,99,0.2176640446081848,2.428888888888889,22.08080808080808
0.4,11476,2090,900,99,0.18211920529801323,2.3222222222222224,21.11111111111111
0.5,12663,1966,900,99,0.1552554686883045,2.1844444444444444,19.858585858585858
