,R2,Pearson_r,RMSE,MAE,n_imputed,n_scored,missingness_prop
knn,0.023890761593178534,0.26141381293287935,0.007876593478315522,0.0025320844684245847,4494.0,4494.0,0.3
missforest,-42.32016182855708,0.39116548291793346,0.007922299246194142,0.0011953294927337895,4494.0,4494.0,0.3
mean,-0.0477377771708564,,0.008185096641005122,0.0026494388479832293,4494.0,4494.0,0.3
median,-0.048866547882025935,,0.008221564497843307,0.002705471343971167,4494.0,4494.0,0.3
sudoku,-2.8048417712085367,0.28387414479578676,0.008254881976048274,0.0021035272611788663,4494.0,4494.0,0.3
factorization,-384.8013744542484,0.09432697670850683,0.10098427743590865,0.07851254393073596,4494.0,4494.0,0.3
mice,-1063.3204613032,0.026803958709894254,0.21654006000068035,0.004912264960346406,4494.0,4494.0,0.3
softimpute,-2795.845181842405,0.12611217637728886,0.24685256902360006,0.16661384421132153,4494.0,4494.0,0.3
