,R2,Pearson_r,RMSE,MAE,n_imputed,n_scored,missingness_prop
missforest,-8.184958320192303,0.535493421811872,0.007359513551403486,0.001049051697610206,2996.0,2996.0,0.2
sudoku,-2.3527961616353044,0.3587176037057291,0.007549690377056066,0.0018345740532525804,2996.0,2996.0,0.2
knn,0.04354880024239476,0.34748016693977507,0.007558355770774392,0.0024593535312601965,2996.0,2996.0,0.2
mean,-0.042258054193647865,,0.007923342834023616,0.002578406666043967,2996.0,2996.0,0.2
median,-0.051449549800435125,,0.007985633953308782,0.0026534643403642055,2996.0,2996.0,0.2
factorization,-304.2556190647495,0.1417183194456461,0.08528373249303921,0.055398563611245955,2996.0,2996.0,0.2
mice,-1652.676995768231,0.2349678353189962,0.18829766899915393,0.005066484133118348,2996.0,2996.0,0.2
softimpute,-3235.4973943817145,0.13413038595057494,0.2584064978619374,0.15206197478300149,2996.0,2996.0,0.2
