,R2,Pearson_r,RMSE,MAE,n_imputed,n_scored,missingness_prop
missforest,134.50062131788417,0.08653837113336166,0.0006102055622133346,0.0006533184020664083,24.900255566413918,24.900255566413918,0.5
sudoku,15.444585031955068,0.04715702888448491,0.0009076149379999013,0.0006917909664339766,24.900255566413918,24.900255566413918,0.5
median,0.022402492964224734,,0.001041899322892001,0.0007489609027216156,24.900255566413918,24.900255566413918,0.5
mean,0.020998023859131455,,0.0010421163823419986,0.0007488654959874268,24.900255566413918,24.900255566413918,0.5
knn,0.057612798925788106,0.038393419279534595,0.0011919820374818133,0.0009483138588617943,24.900255566413918,24.900255566413918,0.5
mice,12.610169340624005,0.18086643442737044,0.012440618387112858,0.000735538290686077,24.900255566413918,24.900255566413918,0.5
factorization,270.2891739380043,0.0872090099949717,0.048550390734057834,0.043904357981216835,24.900255566413918,24.900255566413918,0.5
softimpute,1664.2318293570866,0.1590669140650979,0.1166634178473855,0.050284701377256824,24.900255566413918,24.900255566413918,0.5
