,R2,Pearson_r,RMSE,MAE,n_imputed,n_scored,missingness_prop
missforest,8.38892261516734,0.09674886225925992,0.0016747488387366697,0.0002622758200324104,0.0,0.0,0.2
sudoku,2.4507532892981025,0.05673966215549634,0.0017689377757049937,0.0004619088712281579,0.0,0.0,0.2
knn,0.021510109801043686,0.05213160698454605,0.0018603828044224098,0.0006716199575199929,0.0,0.0,0.2
mean,0.014386139492495863,,0.0018931867515669756,0.0006754331445154164,0.0,0.0,0.2
median,0.018820297957437615,,0.00190312793679756,0.0007005833272986747,0.0,0.0,0.2
factorization,137.12775353729634,0.12739538909834466,0.033716053814785665,0.021603739044195953,0.0,0.0,0.2
mice,839.0541262177483,0.20293367938428022,0.08544926887119554,0.0018497368427785696,0.0,0.0,0.2
softimpute,1748.956143494875,0.15711964140441592,0.1148440530069798,0.04973935058235817,0.0,0.0,0.2
