,R2,Pearson_r,RMSE,MAE,n_imputed,n_scored,missingness_prop
missforest,0.07269972937184625,0.09703382927410535,0.0009349954114077344,0.0003642662823782757,0.0,0.0,0.4
sudoku,0.01098051910845639,0.034239618127263734,0.0010101020839964124,0.0006060298825754343,0.0,0.0,0.4
mean,0.014581986990878554,,0.0011263143783274056,0.0007088324224924791,0.0,0.0,0.4
median,0.016260922319637768,,0.00112852433184586,0.0007233454936643762,0.0,0.0,0.4
knn,0.017343090367950613,0.02647699535799922,0.001148577159782564,0.0008023411714592198,0.0,0.0,0.4
mice,24.747795644918668,0.1719882982943676,0.018515916398748306,0.0006673161232351495,0.0,0.0,0.4
factorization,186.9306042939744,0.10615283983464642,0.042751164928215075,0.035990352735125124,0.0,0.0,0.4
softimpute,1682.9690620976116,0.14056466544093754,0.12843447539270544,0.044988819170345175,0.0,0.0,0.4
