,R2,Pearson_r,RMSE,MAE,n_imputed,n_scored,missingness_prop
sudoku,2.2073075093937153,0.07885642579184773,0.0021392231407440974,0.000444356997702256,0.0,0.0,0.1
missforest,0.1372346523595931,0.1140385278276563,0.0021872110888210704,0.0002498169100757602,0.0,0.0,0.1
knn,0.07532620207123754,0.07712718276302513,0.002195587043244207,0.0005229252535072801,0.0,0.0,0.1
mean,0.03202076066396657,,0.0022640973600047795,0.0006853636122462048,0.0,0.0,0.1
median,0.023737712900312645,,0.00227262496394335,0.000711964830390879,0.0,0.0,0.1
factorization,108.95919447117808,0.08718259201288439,0.04905212235694745,0.015274775043945619,0.0,0.0,0.1
mice,251.7469938081401,0.14043644254832297,0.08700387364967926,0.0028586102966507102,0.0,0.0,0.1
softimpute,1173.5401807102023,0.10612587730435097,0.16021603198629608,0.04527720482636926,0.0,0.0,0.1
