,R2,Pearson_r,RMSE,MAE,n_imputed,n_scored,missingness_prop
missforest,42.4524330796368,0.12829170470239368,0.0014327713473808628,0.000318528977494443,0.0,0.0,0.3
sudoku,2.8375315711261977,0.03372612781102131,0.0016593253787329219,0.0005524413350284637,0.0,0.0,0.3
knn,0.014426017518120622,0.043182945988959366,0.0018533717582105479,0.0007377531826690387,0.0,0.0,0.3
mean,0.017332838831701603,,0.0018879702850961339,0.0006971139884352418,0.0,0.0,0.3
median,0.016809887809210455,,0.001900843091733068,0.0007189338245583689,0.0,0.0,0.3
factorization,183.53494978150158,0.10990827254562406,0.034450748189991276,0.028696108455360376,0.0,0.0,0.3
mice,453.8965732137492,0.18739373402796872,0.08539513384752469,0.001676075033284774,0.0,0.0,0.3
softimpute,1280.388299881059,0.1348889070222084,0.09726503011328796,0.053678506562448866,0.0,0.0,0.3
