,R2,Pearson_r,RMSE,MAE,n_imputed,n_scored,missingness_prop
sudoku,-15.471440937223386,0.08131406531372307,0.010523588506113561,0.0026250915928413034,7387.5,7387.5,0.5
mean,-0.07842966619140412,,0.01056376052964328,0.0029416656884090953,7387.5,7387.5,0.5
median,-0.08245336681546465,,0.010567477418786567,0.0029412433645683053,7387.5,7387.5,0.5
missforest,-134.62234220213523,0.15268102902886052,0.011012744502226335,0.002555705702536839,7387.5,7387.5,0.5
knn,-0.17247668223889553,-0.051337121373394044,0.011161817188972757,0.0034651031411288987,7387.5,7387.5,0.5
mice,-36.83054795564774,0.16863601931232527,0.041523846481922554,0.002924735640194277,7387.5,7387.5,0.5
factorization,-744.4045663323462,-0.1027019047807088,0.15585027922496603,0.1341000252901521,7387.5,7387.5,0.5
softimpute,-4120.411829278734,0.03770798810429024,0.32083526464392687,0.1668445924119721,7387.5,7387.5,0.5
