,R2,Pearson_r,RMSE,MAE,n_imputed,n_scored,missingness_prop
missforest,0.05648227618074742,0.19806317417032004,0.010365578396801309,0.0014338881396106647,5992.0,5992.0,0.4
sudoku,0.015052016917831803,0.17203184701583454,0.010841426151353134,0.0023107250487012228,5992.0,5992.0,0.4
knn,-0.031659279279469266,0.07168561650169226,0.011012432210176755,0.002876129337312865,5992.0,5992.0,0.4
mean,-0.04435950337525794,,0.011047023040714714,0.002777945416709023,5992.0,5992.0,0.4
median,-0.05137032360967133,,0.01108514042742882,0.002838077454887211,5992.0,5992.0,0.4
mice,-45.49703535827965,0.20408091328264646,0.04724560605412371,0.00257975394230566,5992.0,5992.0,0.4
factorization,-420.6399606262566,-0.007081966200692934,0.13318521009546927,0.10534488672028382,5992.0,5992.0,0.4
softimpute,-3411.2370431551485,0.14187208696391881,0.3414943417043865,0.1505668941991086,5992.0,5992.0,0.4
