,R2,Pearson_r,RMSE,MAE,n_imputed,n_scored,missingness_prop
missforest,0.3795717662358992,0.7629193518582583,0.005274894916869028,0.0009246889507981455,1498.0,1498.0,0.1
knn,0.18557529756315969,0.6003966684239891,0.006486167543975192,0.0018301216899584696,1498.0,1498.0,0.1
sudoku,-2.0535466426102857,0.3548391963341729,0.006864494861107566,0.0017412593324875926,1498.0,1498.0,0.1
mean,-0.061700959935106416,,0.007215213314372519,0.002559864800202935,1498.0,1498.0,0.1
median,-0.060697623087109055,,0.0072880641618172995,0.002639094761957351,1498.0,1498.0,0.1
factorization,-187.2264331592729,0.03127631829587376,0.08292771263633232,0.035691083558935764,1498.0,1498.0,0.1
mice,-478.4748649029364,0.5803401029878137,0.18927032747278758,0.007141122108857479,1498.0,1498.0,0.1
softimpute,-2340.0156378323873,-0.03545459014516877,0.2934974577312065,0.13778532710088093,1498.0,1498.0,0.1
