,R2,Pearson_r,RMSE,MAE,n_imputed,n_scored,missingness_prop
missforest,0.037072625028557654,0.024976780348577896,0.020684496392117446,0.007496117915143299,2.784331158465171,2.784331158465171,0.5
knn,0.02318535108462724,0.025402861330110254,0.029977936150453178,0.012489203695205432,2.784331158465171,2.784331158465171,0.5
mice,0.03959250847733032,0.03363264420866744,0.03084683862587853,0.018949145154768733,2.784331158465171,2.784331158465171,0.5
sudoku,0.039412846429938656,0.03611923834778197,0.04522290457916091,0.016583143139346296,2.784331158465171,2.784331158465171,0.5
softimpute,0.043714356965439405,0.03249055432669794,0.04692020726319832,0.016536227259716266,2.784331158465171,2.784331158465171,0.5
mean,0.00104358203139725,,0.048536410585264034,0.026633026923065958,2.784331158465171,2.784331158465171,0.5
factorization,0.13944409927926887,0.030231494599778485,0.04922021817410648,0.01720100196361337,2.784331158465171,2.784331158465171,0.5
median,0.022834911774293105,,0.05057927970820798,0.015140027445425636,2.784331158465171,2.784331158465171,0.5
