,R2,Pearson_r,RMSE,MAE,n_imputed,n_scored,missingness_prop
knn,0.03106562095119916,0.02518610814841696,0.01583376780341891,0.005877238601216156,2.452337320462528,2.452337320462528,0.3
missforest,0.032179863119771925,0.02172410791760778,0.017711075929149812,0.0051396137244952,2.452337320462528,2.452337320462528,0.3
mice,0.07877922821320862,0.036011679549143555,0.01969342668168527,0.013208004825039386,2.452337320462528,2.452337320462528,0.3
sudoku,0.038122819305595614,0.02617297024116749,0.02382244663103696,0.00761127181889945,2.452337320462528,2.452337320462528,0.3
softimpute,0.04528797472297999,0.03373617884155589,0.05169774169859399,0.016140714427764963,2.452337320462528,2.452337320462528,0.3
factorization,0.05896982722294392,0.03570745528721445,0.053772403030123414,0.018987343712363457,2.452337320462528,2.452337320462528,0.3
mean,0.0009708202278528804,,0.05426709549872114,0.025706630459933683,2.452337320462528,2.452337320462528,0.3
median,0.01850500093141999,,0.056101214472978445,0.014906913165584987,2.452337320462528,2.452337320462528,0.3
