,R2,Pearson_r,RMSE,MAE,n_imputed,n_scored,missingness_prop
missforest,0.0371072913301381,0.02435256133274639,0.02165540471391078,0.006923058391890613,2.334729435815109,2.334729435815109,0.4
knn,0.029542670763584283,0.02634194360317307,0.023296880881430133,0.008469426498852049,2.334729435815109,2.334729435815109,0.4
mice,0.04765148513160369,0.034172284248345286,0.023789494368398292,0.015616787875161922,2.334729435815109,2.334729435815109,0.4
sudoku,0.037034898633451066,0.02957720958393689,0.02627860108378059,0.009252545949472692,2.334729435815109,2.334729435815109,0.4
softimpute,0.04710584086385252,0.03485838776478777,0.04858308642958775,0.01663591831266087,2.334729435815109,2.334729435815109,0.4
mean,0.0008290183121655555,,0.050548057742579734,0.026221940332998506,2.334729435815109,2.334729435815109,0.4
factorization,0.07325019168500856,0.033548099442226385,0.050785470216907276,0.01790712942966735,2.334729435815109,2.334729435815109,0.4
median,0.01886056595115994,,0.052600010184855196,0.015230032604425877,2.334729435815109,2.334729435815109,0.4
