,R2,Pearson_r,RMSE,MAE,n_imputed,n_scored,missingness_prop
knn,0.03602872581821451,0.03793635560863633,0.016270266791209305,0.005291113762932982,2.136316023870568,2.136316023870568,0.2
missforest,0.04038565336485992,0.01711632669653253,0.016608060951430515,0.004594849168362537,2.136316023870568,2.136316023870568,0.2
mice,0.08708771587427706,0.0340101691698624,0.020062498124655565,0.012552941292026826,2.136316023870568,2.136316023870568,0.2
sudoku,0.05004883813376118,0.03274389112160055,0.023130634266639024,0.00705679021517167,2.136316023870568,2.136316023870568,0.2
softimpute,0.044862004571128856,0.033596984833734134,0.052081727820444505,0.015971453499399584,2.136316023870568,2.136316023870568,0.2
factorization,0.06959669110887909,0.036371944396522214,0.05469658361662559,0.020608625061087765,2.136316023870568,2.136316023870568,0.2
mean,0.0011514690129597498,,0.055726673412014274,0.025496060319020828,2.136316023870568,2.136316023870568,0.2
median,0.01934144048739963,,0.05754946148430711,0.014990894083295417,2.136316023870568,2.136316023870568,0.2
