,R2,Pearson_r,RMSE,MAE,n_imputed,n_scored,missingness_prop
missforest,0.7657185473577021,0.8854683588436985,0.06735146953630057,0.02530065776808082,210.1,210.1,0.2
sudoku,0.6454137374262463,0.8042191714917635,0.08512391517652124,0.03753078321117922,210.1,210.1,0.2
mice,0.48305805707453464,0.7591585581281002,0.09334926180009467,0.05505409389082232,210.1,210.1,0.2
knn,0.5419035937964378,0.7314261598571191,0.09407864160003344,0.040683779901492675,210.1,210.1,0.2
factorization,0.4917256406523672,0.7255566643139089,0.1294344981567816,0.06566390702945446,210.1,210.1,0.2
softimpute,0.5124599943457528,0.7556219248819078,0.13074444506895916,0.06163068434194765,210.1,210.1,0.2
mean,-0.006254556171801995,,0.17728059693160086,0.10251815231406344,210.1,210.1,0.2
median,-0.08816739033335749,,0.18454229475381267,0.0812920391914422,210.1,210.1,0.2
