,R2,Pearson_r,RMSE,MAE,n_imputed,n_scored,missingness_prop
missforest,0.6492795212998524,0.804649005802793,0.08782658879904269,0.03550683724042387,422.25,422.25,0.4
mice,0.5064301911633128,0.7067754841234395,0.10338911811893459,0.06413335972754833,422.25,422.25,0.4
sudoku,0.5289729790742699,0.7143287985487825,0.10421848603012385,0.049790484508487706,422.25,422.25,0.4
knn,0.42434110258983965,0.6655717910107211,0.11288664685643941,0.05354591102644923,422.25,422.25,0.4
softimpute,0.4052383610227503,0.6863061959700246,0.1369685286874438,0.06837378245988328,422.25,422.25,0.4
factorization,0.2722193817659434,0.6199744455180852,0.1473102095299484,0.07669803190499928,422.25,422.25,0.4
mean,-0.004782955119382698,,0.17230839788506183,0.10284551695134674,422.25,422.25,0.4
median,-0.08781178267393927,,0.1797705889637728,0.08119041844817383,422.25,422.25,0.4
