,R2,Pearson_r,RMSE,MAE,n_imputed,n_scored,missingness_prop
missforest,0.08353562449210071,0.025898107120910237,0.018922407390169874,0.005374370504320938,1.6626361521267883,1.6626361521267883,0.1
knn,0.04579099397164604,0.041358246917254156,0.021925128814099505,0.007339641952139891,1.6626361521267883,1.6626361521267883,0.1
mice,0.22114024785647463,0.03993827370124136,0.022928331795704786,0.011898029258727974,1.6626361521267883,1.6626361521267883,0.1
sudoku,0.06854995458094028,0.026781454248623073,0.0291435537015502,0.00753710793048385,1.6626361521267883,1.6626361521267883,0.1
softimpute,0.04707063089368007,0.02845613284935746,0.07003922241100768,0.02018527987440599,1.6626361521267883,1.6626361521267883,0.1
factorization,0.11840882968873045,0.03518914188169088,0.07325010494343216,0.0270036763342051,1.6626361521267883,1.6626361521267883,0.1
mean,0.0031536230398783818,,0.07465009037365183,0.02934692169821442,1.6626361521267883,1.6626361521267883,0.1
median,0.018883947210262937,,0.07726182964668704,0.019949057435181276,1.6626361521267883,1.6626361521267883,0.1
