,R2,Pearson_r,RMSE,MAE,n_imputed,n_scored,missingness_prop
missforest,0.566530550128553,0.7509972801925733,0.09654568007370198,0.04085904204277492,527.45,527.45,0.5
mice,0.44362654034387194,0.6525244543673505,0.11846469268661922,0.07230581545020572,527.45,527.45,0.5
knn,0.2674434441825933,0.5189885172034057,0.1331025776782279,0.06768889603116558,527.45,527.45,0.5
sudoku,0.3308588441164787,0.5530552451062799,0.14177421561729786,0.06952076379691943,527.45,527.45,0.5
softimpute,0.329423405414976,0.6386498645657659,0.14264257039561481,0.07271599840911351,527.45,527.45,0.5
factorization,-0.10092363212570381,0.5252309976712786,0.16719775101866755,0.09138254135614703,527.45,527.45,0.5
mean,-0.005625667050250915,,0.1706123196017612,0.10274770354942912,527.45,527.45,0.5
median,-0.1055797760969915,,0.17936774254020574,0.08105395450670697,527.45,527.45,0.5
