,R2,Pearson_r,RMSE,MAE,n_imputed,n_scored,missingness_prop
missforest,0.7233797114057726,0.8456201463730999,0.07564307502834526,0.029527256615484575,316.425,316.425,0.3
sudoku,0.6088767571675551,0.7771917167771377,0.09209853832849743,0.04257204446895109,316.425,316.425,0.3
mice,0.46962926437356467,0.7256496758116124,0.09506855548283949,0.0591782021483311,316.425,316.425,0.3
knn,0.5130927905574634,0.7280918413031989,0.09708981433124507,0.044549882550145206,316.425,316.425,0.3
softimpute,0.4675900891946532,0.7255139922954085,0.13380416138278778,0.06400741252929948,316.425,316.425,0.3
factorization,0.4304575885986557,0.6823538867617222,0.13557567895210565,0.06834790523182291,316.425,316.425,0.3
mean,-0.005482547788494291,,0.17474981576513565,0.10199973885449105,316.425,316.425,0.3
median,-0.08734558676782293,,0.18191730600313744,0.0804332934310128,316.425,316.425,0.3
