,R2,Pearson_r,RMSE,MAE,n_imputed,n_scored,missingness_prop
missforest,0.7225115888192978,0.8967273024167689,0.06538020988962108,0.024007583010440807,106.3,106.3,0.1
sudoku,0.6558100495174948,0.8475397652013725,0.0831162546221799,0.03352296430121915,106.3,106.3,0.1
knn,0.5564285498668294,0.7349494213946114,0.09469118718496869,0.040655549444873096,106.3,106.3,0.1
mice,0.24577345178894933,0.7760678092284646,0.09546622252089593,0.04915572599545408,106.3,106.3,0.1
factorization,0.4605304002528773,0.7677133700309084,0.1404679768792388,0.06837741542584072,106.3,106.3,0.1
softimpute,0.5409973956217279,0.7964332440699737,0.1429113807938461,0.06303766434405489,106.3,106.3,0.1
mean,-0.013853817191981293,,0.1941438185170275,0.10589418808942679,106.3,106.3,0.1
median,-0.08475843242865189,,0.20186920599620733,0.08558081992189888,106.3,106.3,0.1
